{
  "root" : {
    "__class" : "RootNode",
    "children" : [
      {
        "__class" : "FrameNode",
        "aspectRatio" : null,
        "blendingEnabled" : 0,
        "blendingMode" : "normal",
        "bottom" : null,
        "centerAnchorX" : 1.1426666666666667,
        "centerAnchorY" : 1.396551724137931,
        "children" : [
          {
            "__class" : "CodeComponentNode",
            "aspectRatio" : null,
            "bottom" : 110,
            "centerAnchorX" : 0.5,
            "centerAnchorY" : 0.47413793103448276,
            "children" : [
              {
                "__class" : "FrameNode",
                "aspectRatio" : null,
                "blendingEnabled" : 0,
                "blendingMode" : "normal",
                "bottom" : null,
                "centerAnchorX" : 0,
                "centerAnchorY" : 0,
                "children" : [

                ],
                "clip" : true,
                "codeOverrideEnabled" : true,
                "codeOverrideFile" : ".\/Demo.tsx",
                "codeOverrideIdentifier" : ".\/Demo.tsx_NameContainer",
                "codeOverrideName" : "NameContainer",
                "constraintsLocked" : false,
                "deviceType" : null,
                "exportOptions" : [

                ],
                "fillColor" : "rgba(255,255,255,1)",
                "fillEnabled" : false,
                "fillGradient" : {
                  "__class" : "LinearGradient",
                  "alpha" : 1,
                  "angle" : 0,
                  "end" : "rgba(0,0,0,0)",
                  "start" : "black"
                },
                "fillImage" : null,
                "fillImagePixelHeight" : null,
                "fillImagePixelWidth" : null,
                "fillImageResize" : "fill",
                "fillType" : "color",
                "height" : 96,
                "heightType" : 0,
                "id" : "JoB7KRAoU",
                "intrinsicHeight" : null,
                "intrinsicWidth" : null,
                "isExternalMaster" : null,
                "isMaster" : false,
                "isTarget" : false,
                "left" : null,
                "locked" : false,
                "name" : "NameField",
                "navigationTarget" : null,
                "navigationTransition" : "push",
                "navigationTransitionBackdropColor" : "rgba(4,4,15,.4)",
                "navigationTransitionDirection" : "left",
                "opacity" : 1,
                "originalid" : "QHJtogUk_",
                "parentid" : "PRTc4GHtW",
                "previewSettings" : null,
                "radius" : 0,
                "radiusBottomLeft" : 0,
                "radiusBottomRight" : 0,
                "radiusIsRelative" : false,
                "radiusPerCorner" : false,
                "radiusTopLeft" : 0,
                "radiusTopRight" : 0,
                "replicaInfo" : {
                  "master" : "QHJtogUk_",
                  "overrides" : {
                    "bmCe3T91J" : {
                      "styledText" : {
                        "__class" : "StyledTextDraft",
                        "blocks" : [
                          {
                            "data" : {
                              "emptyStyle" : [
                                "LETTERSPACING:0",
                                "LINEHEIGHT:1.2",
                                "SIZE:14",
                                "FONT:HelveticaNeue-Bold",
                                "COLOR:rgba(35, 105, 225, 1.00)"
                              ]
                            },
                            "depth" : 0,
                            "entityRanges" : [

                            ],
                            "inlineStyleRanges" : [
                              {
                                "length" : 1,
                                "offset" : 0,
                                "style" : "LETTERSPACING:0"
                              },
                              {
                                "length" : 1,
                                "offset" : 0,
                                "style" : "LINEHEIGHT:1.2"
                              },
                              {
                                "length" : 1,
                                "offset" : 0,
                                "style" : "SIZE:14"
                              },
                              {
                                "length" : 1,
                                "offset" : 0,
                                "style" : "FONT:HelveticaNeue-Bold"
                              },
                              {
                                "length" : 1,
                                "offset" : 0,
                                "style" : "COLOR:rgba(35, 105, 225, 1.00)"
                              }
                            ],
                            "key" : "2347j",
                            "text" : " ",
                            "type" : "unstyled"
                          }
                        ],
                        "cached" : {
                          "html" : "<div data-offset-key=\"2347j-0-0\" class=\"public-DraftStyleDefault-block public-DraftStyleDefault-ltr\"><span data-offset-key=\"2347j-0-0\" style=\"tab-size:4;font-weight:700;font-family:&quot;HelveticaNeue-Bold&quot;, &quot;Helvetica Neue&quot;, sans-serif;-webkit-text-fill-color:rgba(35, 105, 225, 1.00);font-size:14px;letter-spacing:0px;line-height:1.2\"><span data-text=\"true\"> <\/span><\/span><\/div>",
                          "os" : "10_14",
                          "size" : {
                            "height" : 16,
                            "width" : 5
                          },
                          "width" : 0
                        },
                        "entityMap" : {

                        }
                      }
                    },
                    "kp05lKreJ" : {
                      "codeOverrideEnabled" : true,
                      "codeOverrideFile" : ".\/Demo.tsx",
                      "codeOverrideIdentifier" : ".\/Demo.tsx_NameInput",
                      "codeOverrideName" : "NameInput"
                    },
                    "ozddxu6I6" : {
                      "styledText" : {
                        "__class" : "StyledTextDraft",
                        "blocks" : [
                          {
                            "data" : {
                              "emptyStyle" : [
                                "LETTERSPACING:0",
                                "LINEHEIGHT:1.2",
                                "SIZE:14",
                                "FONT:HelveticaNeue-Bold",
                                "COLOR:rgba(35, 105, 225, 1.00)"
                              ]
                            },
                            "depth" : 0,
                            "entityRanges" : [

                            ],
                            "inlineStyleRanges" : [
                              {
                                "length" : 4,
                                "offset" : 0,
                                "style" : "LETTERSPACING:0"
                              },
                              {
                                "length" : 4,
                                "offset" : 0,
                                "style" : "LINEHEIGHT:1.2"
                              },
                              {
                                "length" : 4,
                                "offset" : 0,
                                "style" : "SIZE:14"
                              },
                              {
                                "length" : 4,
                                "offset" : 0,
                                "style" : "FONT:HelveticaNeue-Bold"
                              },
                              {
                                "length" : 4,
                                "offset" : 0,
                                "style" : "COLOR:rgba(35, 105, 225, 1.00)"
                              }
                            ],
                            "key" : "2347j",
                            "text" : "Name",
                            "type" : "unstyled"
                          }
                        ],
                        "cached" : {
                          "html" : "<div data-offset-key=\"2347j-0-0\" class=\"public-DraftStyleDefault-block public-DraftStyleDefault-ltr\"><span data-offset-key=\"2347j-0-0\" style=\"tab-size:4;font-weight:700;font-family:&quot;HelveticaNeue-Bold&quot;, &quot;Helvetica Neue&quot;, sans-serif;-webkit-text-fill-color:rgba(35, 105, 225, 1.00);font-size:14px;letter-spacing:0px;line-height:1.2\"><span data-text=\"true\">Name<\/span><\/span><\/div>",
                          "os" : "10_14",
                          "size" : {
                            "height" : 16,
                            "width" : 41
                          },
                          "width" : 0
                        },
                        "entityMap" : {

                        }
                      }
                    },
                    "QHJtogUk_" : {
                      "bottom" : null,
                      "centerAnchorX" : 0,
                      "centerAnchorY" : 0,
                      "codeOverrideEnabled" : true,
                      "codeOverrideFile" : ".\/Demo.tsx",
                      "codeOverrideIdentifier" : ".\/Demo.tsx_NameContainer",
                      "codeOverrideName" : "NameContainer",
                      "left" : null,
                      "right" : null,
                      "top" : null
                    }
                  }
                },
                "right" : null,
                "rotation" : 0,
                "top" : null,
                "visible" : true,
                "width" : 335,
                "widthType" : 0
              },
              {
                "__class" : "FrameNode",
                "aspectRatio" : null,
                "blendingEnabled" : 0,
                "blendingMode" : "normal",
                "bottom" : null,
                "centerAnchorX" : 0,
                "centerAnchorY" : 0,
                "children" : [

                ],
                "clip" : true,
                "codeOverrideEnabled" : true,
                "codeOverrideFile" : ".\/Demo.tsx",
                "codeOverrideIdentifier" : ".\/Demo.tsx_EmailContainer",
                "codeOverrideName" : "EmailContainer",
                "constraintsLocked" : false,
                "deviceType" : null,
                "exportOptions" : [

                ],
                "fillColor" : "rgba(255,255,255,1)",
                "fillEnabled" : false,
                "fillGradient" : {
                  "__class" : "LinearGradient",
                  "alpha" : 1,
                  "angle" : 0,
                  "end" : "rgba(0,0,0,0)",
                  "start" : "black"
                },
                "fillImage" : null,
                "fillImagePixelHeight" : null,
                "fillImagePixelWidth" : null,
                "fillImageResize" : "fill",
                "fillType" : "color",
                "height" : 96,
                "heightType" : 0,
                "id" : "goKnWB4aU",
                "intrinsicHeight" : null,
                "intrinsicWidth" : null,
                "isExternalMaster" : null,
                "isMaster" : false,
                "isTarget" : false,
                "left" : null,
                "locked" : false,
                "name" : "NameField",
                "navigationTarget" : null,
                "navigationTransition" : "push",
                "navigationTransitionBackdropColor" : "rgba(4,4,15,.4)",
                "navigationTransitionDirection" : "left",
                "opacity" : 1,
                "originalid" : "QHJtogUk_",
                "parentid" : "PRTc4GHtW",
                "previewSettings" : null,
                "radius" : 0,
                "radiusBottomLeft" : 0,
                "radiusBottomRight" : 0,
                "radiusIsRelative" : false,
                "radiusPerCorner" : false,
                "radiusTopLeft" : 0,
                "radiusTopRight" : 0,
                "replicaInfo" : {
                  "master" : "QHJtogUk_",
                  "overrides" : {
                    "bmCe3T91J" : {
                      "styledText" : {
                        "__class" : "StyledTextDraft",
                        "blocks" : [
                          {
                            "data" : {
                              "emptyStyle" : [
                                "LETTERSPACING:0",
                                "LINEHEIGHT:1.2",
                                "SIZE:14",
                                "FONT:HelveticaNeue-Bold",
                                "COLOR:rgba(35, 105, 225, 1.00)"
                              ]
                            },
                            "depth" : 0,
                            "entityRanges" : [

                            ],
                            "inlineStyleRanges" : [
                              {
                                "length" : 1,
                                "offset" : 0,
                                "style" : "LETTERSPACING:0"
                              },
                              {
                                "length" : 1,
                                "offset" : 0,
                                "style" : "LINEHEIGHT:1.2"
                              },
                              {
                                "length" : 1,
                                "offset" : 0,
                                "style" : "SIZE:14"
                              },
                              {
                                "length" : 1,
                                "offset" : 0,
                                "style" : "FONT:HelveticaNeue-Bold"
                              },
                              {
                                "length" : 1,
                                "offset" : 0,
                                "style" : "COLOR:rgba(35, 105, 225, 1.00)"
                              }
                            ],
                            "key" : "2347j",
                            "text" : " ",
                            "type" : "unstyled"
                          }
                        ],
                        "cached" : {
                          "html" : "<div data-offset-key=\"2347j-0-0\" class=\"public-DraftStyleDefault-block public-DraftStyleDefault-ltr\"><span data-offset-key=\"2347j-0-0\" style=\"tab-size:4;font-weight:700;font-family:&quot;HelveticaNeue-Bold&quot;, &quot;Helvetica Neue&quot;, sans-serif;-webkit-text-fill-color:rgba(35, 105, 225, 1.00);font-size:14px;letter-spacing:0px;line-height:1.2\"><span data-text=\"true\"> <\/span><\/span><\/div>",
                          "os" : "10_14",
                          "size" : {
                            "height" : 16,
                            "width" : 5
                          },
                          "width" : 0
                        },
                        "entityMap" : {

                        }
                      }
                    },
                    "kp05lKreJ" : {
                      "codeOverrideEnabled" : true,
                      "codeOverrideFile" : ".\/Demo.tsx",
                      "codeOverrideIdentifier" : ".\/Demo.tsx_EmailInput",
                      "codeOverrideName" : "EmailInput"
                    },
                    "ozddxu6I6" : {
                      "styledText" : {
                        "__class" : "StyledTextDraft",
                        "blocks" : [
                          {
                            "data" : {
                              "emptyStyle" : [
                                "LETTERSPACING:0",
                                "LINEHEIGHT:1.2",
                                "SIZE:14",
                                "FONT:HelveticaNeue-Bold",
                                "COLOR:rgba(35, 105, 225, 1.00)"
                              ]
                            },
                            "depth" : 0,
                            "entityRanges" : [

                            ],
                            "inlineStyleRanges" : [
                              {
                                "length" : 5,
                                "offset" : 0,
                                "style" : "LETTERSPACING:0"
                              },
                              {
                                "length" : 5,
                                "offset" : 0,
                                "style" : "LINEHEIGHT:1.2"
                              },
                              {
                                "length" : 5,
                                "offset" : 0,
                                "style" : "SIZE:14"
                              },
                              {
                                "length" : 5,
                                "offset" : 0,
                                "style" : "FONT:HelveticaNeue-Bold"
                              },
                              {
                                "length" : 5,
                                "offset" : 0,
                                "style" : "COLOR:rgba(35, 105, 225, 1.00)"
                              }
                            ],
                            "key" : "2347j",
                            "text" : "Email",
                            "type" : "unstyled"
                          }
                        ],
                        "cached" : {
                          "html" : "<div data-offset-key=\"2347j-0-0\" class=\"public-DraftStyleDefault-block public-DraftStyleDefault-ltr\"><span data-offset-key=\"2347j-0-0\" style=\"tab-size:4;font-weight:700;font-family:&quot;HelveticaNeue-Bold&quot;, &quot;Helvetica Neue&quot;, sans-serif;-webkit-text-fill-color:rgba(35, 105, 225, 1.00);font-size:14px;letter-spacing:0px;line-height:1.2\"><span data-text=\"true\">Email<\/span><\/span><\/div>",
                          "os" : "10_14",
                          "size" : {
                            "height" : 16,
                            "width" : 39
                          },
                          "width" : 0
                        },
                        "entityMap" : {

                        }
                      }
                    },
                    "QHJtogUk_" : {
                      "bottom" : null,
                      "centerAnchorX" : 0,
                      "centerAnchorY" : 0,
                      "codeOverrideEnabled" : true,
                      "codeOverrideFile" : ".\/Demo.tsx",
                      "codeOverrideIdentifier" : ".\/Demo.tsx_EmailContainer",
                      "codeOverrideName" : "EmailContainer",
                      "left" : null,
                      "right" : null,
                      "top" : null
                    }
                  }
                },
                "right" : null,
                "rotation" : 0,
                "top" : null,
                "visible" : true,
                "width" : 335,
                "widthType" : 0
              },
              {
                "__class" : "FrameNode",
                "aspectRatio" : null,
                "blendingEnabled" : 0,
                "blendingMode" : "normal",
                "bottom" : null,
                "centerAnchorX" : 0,
                "centerAnchorY" : 0,
                "children" : [

                ],
                "clip" : true,
                "codeOverrideEnabled" : true,
                "codeOverrideFile" : ".\/Demo.tsx",
                "codeOverrideIdentifier" : ".\/Demo.tsx_LocationContainer",
                "codeOverrideName" : "LocationContainer",
                "constraintsLocked" : false,
                "deviceType" : null,
                "exportOptions" : [

                ],
                "fillColor" : "rgba(255,255,255,1)",
                "fillEnabled" : false,
                "fillGradient" : {
                  "__class" : "LinearGradient",
                  "alpha" : 1,
                  "angle" : 0,
                  "end" : "rgba(0,0,0,0)",
                  "start" : "black"
                },
                "fillImage" : null,
                "fillImagePixelHeight" : null,
                "fillImagePixelWidth" : null,
                "fillImageResize" : "fill",
                "fillType" : "color",
                "height" : 96,
                "heightType" : 0,
                "id" : "JeQsS2StJ",
                "intrinsicHeight" : null,
                "intrinsicWidth" : null,
                "isExternalMaster" : null,
                "isMaster" : false,
                "isTarget" : false,
                "left" : null,
                "locked" : false,
                "name" : "NameField",
                "navigationTarget" : null,
                "navigationTransition" : "push",
                "navigationTransitionBackdropColor" : "rgba(4,4,15,.4)",
                "navigationTransitionDirection" : "left",
                "opacity" : 1,
                "originalid" : "QHJtogUk_",
                "parentid" : "PRTc4GHtW",
                "previewSettings" : null,
                "radius" : 0,
                "radiusBottomLeft" : 0,
                "radiusBottomRight" : 0,
                "radiusIsRelative" : false,
                "radiusPerCorner" : false,
                "radiusTopLeft" : 0,
                "radiusTopRight" : 0,
                "replicaInfo" : {
                  "master" : "QHJtogUk_",
                  "overrides" : {
                    "bmCe3T91J" : {
                      "styledText" : {
                        "__class" : "StyledTextDraft",
                        "blocks" : [
                          {
                            "data" : {
                              "emptyStyle" : [
                                "LETTERSPACING:0",
                                "LINEHEIGHT:1.2",
                                "SIZE:14",
                                "FONT:HelveticaNeue-Bold",
                                "COLOR:rgba(35, 105, 225, 1.00)"
                              ]
                            },
                            "depth" : 0,
                            "entityRanges" : [

                            ],
                            "inlineStyleRanges" : [
                              {
                                "length" : 1,
                                "offset" : 0,
                                "style" : "LETTERSPACING:0"
                              },
                              {
                                "length" : 1,
                                "offset" : 0,
                                "style" : "LINEHEIGHT:1.2"
                              },
                              {
                                "length" : 1,
                                "offset" : 0,
                                "style" : "SIZE:14"
                              },
                              {
                                "length" : 1,
                                "offset" : 0,
                                "style" : "FONT:HelveticaNeue-Bold"
                              },
                              {
                                "length" : 1,
                                "offset" : 0,
                                "style" : "COLOR:rgba(35, 105, 225, 1.00)"
                              }
                            ],
                            "key" : "2347j",
                            "text" : " ",
                            "type" : "unstyled"
                          }
                        ],
                        "cached" : {
                          "html" : "<div data-offset-key=\"2347j-0-0\" class=\"public-DraftStyleDefault-block public-DraftStyleDefault-ltr\"><span data-offset-key=\"2347j-0-0\" style=\"tab-size:4;font-weight:700;font-family:&quot;HelveticaNeue-Bold&quot;, &quot;Helvetica Neue&quot;, sans-serif;-webkit-text-fill-color:rgba(35, 105, 225, 1.00);font-size:14px;letter-spacing:0px;line-height:1.2\"><span data-text=\"true\"> <\/span><\/span><\/div>",
                          "os" : "10_14",
                          "size" : {
                            "height" : 16,
                            "width" : 5
                          },
                          "width" : 0
                        },
                        "entityMap" : {

                        }
                      }
                    },
                    "kp05lKreJ" : {
                      "codeOverrideEnabled" : true,
                      "codeOverrideFile" : ".\/Demo.tsx",
                      "codeOverrideIdentifier" : ".\/Demo.tsx_LocationInput",
                      "codeOverrideName" : "LocationInput"
                    },
                    "ozddxu6I6" : {
                      "styledText" : {
                        "__class" : "StyledTextDraft",
                        "blocks" : [
                          {
                            "data" : {
                              "emptyStyle" : [
                                "LETTERSPACING:0",
                                "LINEHEIGHT:1.2",
                                "SIZE:14",
                                "FONT:HelveticaNeue-Bold",
                                "COLOR:rgba(35, 105, 225, 1.00)"
                              ]
                            },
                            "depth" : 0,
                            "entityRanges" : [

                            ],
                            "inlineStyleRanges" : [
                              {
                                "length" : 8,
                                "offset" : 0,
                                "style" : "LETTERSPACING:0"
                              },
                              {
                                "length" : 8,
                                "offset" : 0,
                                "style" : "LINEHEIGHT:1.2"
                              },
                              {
                                "length" : 8,
                                "offset" : 0,
                                "style" : "SIZE:14"
                              },
                              {
                                "length" : 8,
                                "offset" : 0,
                                "style" : "FONT:HelveticaNeue-Bold"
                              },
                              {
                                "length" : 8,
                                "offset" : 0,
                                "style" : "COLOR:rgba(35, 105, 225, 1.00)"
                              }
                            ],
                            "key" : "2347j",
                            "text" : "Location",
                            "type" : "unstyled"
                          }
                        ],
                        "cached" : {
                          "html" : "<div data-offset-key=\"2347j-0-0\" class=\"public-DraftStyleDefault-block public-DraftStyleDefault-ltr\"><span data-offset-key=\"2347j-0-0\" style=\"tab-size:4;font-weight:700;font-family:&quot;HelveticaNeue-Bold&quot;, &quot;Helvetica Neue&quot;, sans-serif;-webkit-text-fill-color:rgba(35, 105, 225, 1.00);font-size:14px;letter-spacing:0px;line-height:1.2\"><span data-text=\"true\">Location<\/span><\/span><\/div>",
                          "os" : "10_14",
                          "size" : {
                            "height" : 16,
                            "width" : 60
                          },
                          "width" : 0
                        },
                        "entityMap" : {

                        }
                      }
                    },
                    "QHJtogUk_" : {
                      "bottom" : null,
                      "centerAnchorX" : 0,
                      "centerAnchorY" : 0,
                      "codeOverrideEnabled" : true,
                      "codeOverrideFile" : ".\/Demo.tsx",
                      "codeOverrideIdentifier" : ".\/Demo.tsx_LocationContainer",
                      "codeOverrideName" : "LocationContainer",
                      "left" : null,
                      "right" : null,
                      "top" : null
                    }
                  }
                },
                "right" : null,
                "rotation" : 0,
                "top" : null,
                "visible" : true,
                "width" : 335,
                "widthType" : 0
              },
              {
                "__class" : "FrameNode",
                "aspectRatio" : null,
                "blendingEnabled" : 0,
                "blendingMode" : "normal",
                "bottom" : null,
                "centerAnchorX" : 0,
                "centerAnchorY" : 0,
                "children" : [

                ],
                "clip" : true,
                "codeOverrideEnabled" : true,
                "codeOverrideFile" : ".\/Demo.tsx",
                "codeOverrideIdentifier" : ".\/Demo.tsx_StateContainer",
                "codeOverrideName" : "StateContainer",
                "constraintsLocked" : false,
                "deviceType" : null,
                "exportOptions" : [

                ],
                "fillColor" : "rgba(255,255,255,1)",
                "fillEnabled" : false,
                "fillGradient" : {
                  "__class" : "LinearGradient",
                  "alpha" : 1,
                  "angle" : 0,
                  "end" : "rgba(0,0,0,0)",
                  "start" : "black"
                },
                "fillImage" : null,
                "fillImagePixelHeight" : null,
                "fillImagePixelWidth" : null,
                "fillImageResize" : "fill",
                "fillType" : "color",
                "height" : 96,
                "heightType" : 0,
                "id" : "aIXaYpRRE",
                "intrinsicHeight" : null,
                "intrinsicWidth" : null,
                "isExternalMaster" : null,
                "isMaster" : false,
                "isTarget" : false,
                "left" : null,
                "locked" : false,
                "name" : "NameField",
                "navigationTarget" : null,
                "navigationTransition" : "push",
                "navigationTransitionBackdropColor" : "rgba(4,4,15,.4)",
                "navigationTransitionDirection" : "left",
                "opacity" : 1,
                "originalid" : "QHJtogUk_",
                "parentid" : "PRTc4GHtW",
                "previewSettings" : null,
                "radius" : 0,
                "radiusBottomLeft" : 0,
                "radiusBottomRight" : 0,
                "radiusIsRelative" : false,
                "radiusPerCorner" : false,
                "radiusTopLeft" : 0,
                "radiusTopRight" : 0,
                "replicaInfo" : {
                  "master" : "QHJtogUk_",
                  "overrides" : {
                    "bmCe3T91J" : {
                      "styledText" : {
                        "__class" : "StyledTextDraft",
                        "blocks" : [
                          {
                            "data" : {
                              "emptyStyle" : [
                                "LETTERSPACING:0",
                                "LINEHEIGHT:1.2",
                                "SIZE:14",
                                "FONT:HelveticaNeue-Bold",
                                "COLOR:rgba(35, 105, 225, 1.00)"
                              ]
                            },
                            "depth" : 0,
                            "entityRanges" : [

                            ],
                            "inlineStyleRanges" : [
                              {
                                "length" : 1,
                                "offset" : 0,
                                "style" : "LETTERSPACING:0"
                              },
                              {
                                "length" : 1,
                                "offset" : 0,
                                "style" : "LINEHEIGHT:1.2"
                              },
                              {
                                "length" : 1,
                                "offset" : 0,
                                "style" : "SIZE:14"
                              },
                              {
                                "length" : 1,
                                "offset" : 0,
                                "style" : "FONT:HelveticaNeue-Bold"
                              },
                              {
                                "length" : 1,
                                "offset" : 0,
                                "style" : "COLOR:rgba(35, 105, 225, 1.00)"
                              }
                            ],
                            "key" : "2347j",
                            "text" : " ",
                            "type" : "unstyled"
                          }
                        ],
                        "cached" : {
                          "html" : "<div data-offset-key=\"2347j-0-0\" class=\"public-DraftStyleDefault-block public-DraftStyleDefault-ltr\"><span data-offset-key=\"2347j-0-0\" style=\"tab-size:4;font-weight:700;font-family:&quot;HelveticaNeue-Bold&quot;, &quot;Helvetica Neue&quot;, sans-serif;-webkit-text-fill-color:rgba(35, 105, 225, 1.00);font-size:14px;letter-spacing:0px;line-height:1.2\"><span data-text=\"true\"> <\/span><\/span><\/div>",
                          "os" : "10_14",
                          "size" : {
                            "height" : 16,
                            "width" : 5
                          },
                          "width" : 0
                        },
                        "entityMap" : {

                        }
                      }
                    },
                    "kp05lKreJ" : {
                      "codeOverrideEnabled" : true,
                      "codeOverrideFile" : ".\/Demo.tsx",
                      "codeOverrideIdentifier" : ".\/Demo.tsx_StateInput",
                      "codeOverrideName" : "StateInput"
                    },
                    "ozddxu6I6" : {
                      "styledText" : {
                        "__class" : "StyledTextDraft",
                        "blocks" : [
                          {
                            "data" : {
                              "emptyStyle" : [
                                "LETTERSPACING:0",
                                "LINEHEIGHT:1.2",
                                "SIZE:14",
                                "FONT:HelveticaNeue-Bold",
                                "COLOR:rgba(35, 105, 225, 1.00)"
                              ]
                            },
                            "depth" : 0,
                            "entityRanges" : [

                            ],
                            "inlineStyleRanges" : [
                              {
                                "length" : 5,
                                "offset" : 0,
                                "style" : "LETTERSPACING:0"
                              },
                              {
                                "length" : 5,
                                "offset" : 0,
                                "style" : "LINEHEIGHT:1.2"
                              },
                              {
                                "length" : 5,
                                "offset" : 0,
                                "style" : "SIZE:14"
                              },
                              {
                                "length" : 5,
                                "offset" : 0,
                                "style" : "FONT:HelveticaNeue-Bold"
                              },
                              {
                                "length" : 5,
                                "offset" : 0,
                                "style" : "COLOR:rgba(35, 105, 225, 1.00)"
                              }
                            ],
                            "key" : "2347j",
                            "text" : "State",
                            "type" : "unstyled"
                          }
                        ],
                        "cached" : {
                          "html" : "<div data-offset-key=\"2347j-0-0\" class=\"public-DraftStyleDefault-block public-DraftStyleDefault-ltr\"><span data-offset-key=\"2347j-0-0\" style=\"tab-size:4;font-weight:700;font-family:&quot;HelveticaNeue-Bold&quot;, &quot;Helvetica Neue&quot;, sans-serif;-webkit-text-fill-color:rgba(35, 105, 225, 1.00);font-size:14px;letter-spacing:0px;line-height:1.2\"><span data-text=\"true\">State<\/span><\/span><\/div>",
                          "os" : "10_14",
                          "size" : {
                            "height" : 16,
                            "width" : 37
                          },
                          "width" : 0
                        },
                        "entityMap" : {

                        }
                      }
                    },
                    "QHJtogUk_" : {
                      "bottom" : null,
                      "centerAnchorX" : 0,
                      "centerAnchorY" : 0,
                      "codeOverrideEnabled" : true,
                      "codeOverrideFile" : ".\/Demo.tsx",
                      "codeOverrideIdentifier" : ".\/Demo.tsx_StateContainer",
                      "codeOverrideName" : "StateContainer",
                      "left" : null,
                      "right" : null,
                      "top" : null
                    }
                  }
                },
                "right" : null,
                "rotation" : 0,
                "top" : null,
                "visible" : true,
                "width" : 335,
                "widthType" : 0
              }
            ],
            "clip" : true,
            "codeComponentIdentifier" : "framer\/Stack",
            "codeComponentProps" : {
              "alignment" : "start",
              "direction" : "vertical",
              "distribution" : "start",
              "gap" : 32,
              "padding" : 20,
              "paddingBottom" : 0,
              "paddingLeft" : 0,
              "paddingPerSide" : false,
              "paddingRight" : 0,
              "paddingTop" : 0
            },
            "codeOverrideEnabled" : false,
            "constraintsLocked" : false,
            "exportOptions" : [

            ],
            "fillColor" : "rgba(255,255,255,1)",
            "fillEnabled" : false,
            "fillGradient" : {
              "__class" : "LinearGradient",
              "alpha" : 1,
              "angle" : 0,
              "end" : "rgba(0,0,0,0)",
              "start" : "black"
            },
            "fillImage" : null,
            "fillImagePixelHeight" : null,
            "fillImagePixelWidth" : null,
            "fillImageResize" : "fill",
            "fillType" : "color",
            "height" : 634,
            "heightType" : 0,
            "id" : "PRTc4GHtW",
            "intrinsicHeight" : null,
            "intrinsicWidth" : null,
            "left" : 0,
            "locked" : false,
            "name" : null,
            "opacity" : 1,
            "originalid" : null,
            "parentid" : "bbELOZQ_A",
            "radius" : 0,
            "radiusBottomLeft" : 0,
            "radiusBottomRight" : 0,
            "radiusIsRelative" : false,
            "radiusPerCorner" : false,
            "radiusTopLeft" : 0,
            "radiusTopRight" : 0,
            "right" : 0,
            "rotation" : 0,
            "top" : 68,
            "visible" : true,
            "width" : 375,
            "widthType" : 0
          },
          {
            "__class" : "CodeComponentNode",
            "aspectRatio" : null,
            "bottom" : 52,
            "centerAnchorX" : 0.5,
            "centerAnchorY" : 0.90886699507389157,
            "children" : [

            ],
            "clip" : true,
            "codeComponentIdentifier" : "@framer\/steveruizok.classy-inputs\/.\/Button.tsx_Button",
            "codeComponentProps" : {
              "cssClassName" : "edu-button",
              "disabled" : false,
              "text" : "Continue",
              "toggle" : false,
              "useCSS" : true
            },
            "codeOverrideEnabled" : true,
            "codeOverrideFile" : ".\/Demo.tsx",
            "codeOverrideIdentifier" : ".\/Demo.tsx_ContinueButton",
            "codeOverrideName" : "ContinueButton",
            "constraintsLocked" : false,
            "exportOptions" : [

            ],
            "fillColor" : "rgba(255,255,255,1)",
            "fillEnabled" : false,
            "fillGradient" : {
              "__class" : "LinearGradient",
              "alpha" : 1,
              "angle" : 0,
              "end" : "rgba(0,0,0,0)",
              "start" : "black"
            },
            "fillImage" : null,
            "fillImagePixelHeight" : null,
            "fillImagePixelWidth" : null,
            "fillImageResize" : "fill",
            "fillType" : "color",
            "height" : 44,
            "heightType" : 0,
            "id" : "CtefbURKX",
            "intrinsicHeight" : 44,
            "intrinsicWidth" : null,
            "left" : 20,
            "locked" : false,
            "name" : null,
            "opacity" : 1,
            "originalid" : null,
            "parentid" : "bbELOZQ_A",
            "radius" : 0,
            "radiusBottomLeft" : 0,
            "radiusBottomRight" : 0,
            "radiusIsRelative" : false,
            "radiusPerCorner" : false,
            "radiusTopLeft" : 0,
            "radiusTopRight" : 0,
            "right" : 20,
            "rotation" : 0,
            "top" : null,
            "visible" : true,
            "width" : 335,
            "widthType" : 0
          }
        ],
        "clip" : true,
        "codeOverrideEnabled" : true,
        "constraintsLocked" : false,
        "deviceType" : "framer\/FramerAppleIPhoneXS",
        "exportOptions" : [

        ],
        "fillColor" : "rgba(243, 252, 233, 1.00)",
        "fillEnabled" : true,
        "fillGradient" : {
          "__class" : "LinearGradient",
          "alpha" : 1,
          "angle" : 0,
          "end" : "#1ED2FC",
          "start" : "#015FDF"
        },
        "fillImage" : null,
        "fillImagePixelHeight" : null,
        "fillImagePixelWidth" : null,
        "fillImageResize" : "fill",
        "fillType" : "color",
        "height" : 812,
        "heightType" : 0,
        "id" : "bbELOZQ_A",
        "intrinsicHeight" : null,
        "intrinsicWidth" : null,
        "isExternalMaster" : null,
        "isMaster" : false,
        "isTarget" : false,
        "left" : 513,
        "locked" : false,
        "name" : null,
        "navigationTarget" : null,
        "navigationTransition" : "push",
        "navigationTransitionBackdropColor" : "rgba(4,4,15,.4)",
        "navigationTransitionDirection" : "left",
        "opacity" : 1,
        "originalid" : null,
        "parentid" : "Yamm9GO1z",
        "previewSettings" : {
          "__class" : "PreviewSettings",
          "bezel" : false,
          "deviceType" : "framer\/FramerAppleIPhoneXS",
          "responsive" : true,
          "rotate" : false,
          "skin" : "",
          "touch" : true,
          "zoom" : -1
        },
        "radius" : 0,
        "radiusBottomLeft" : 0,
        "radiusBottomRight" : 0,
        "radiusIsRelative" : false,
        "radiusPerCorner" : false,
        "radiusTopLeft" : 0,
        "radiusTopRight" : 0,
        "replicaInfo" : null,
        "right" : null,
        "rotation" : 0,
        "top" : -72,
        "visible" : true,
        "width" : 375,
        "widthType" : 0
      },
      {
        "__class" : "FrameNode",
        "aspectRatio" : null,
        "blendingEnabled" : 0,
        "blendingMode" : "normal",
        "bottom" : null,
        "centerAnchorX" : 0,
        "centerAnchorY" : 0,
        "children" : [
          {
            "__class" : "FrameNode",
            "aspectRatio" : null,
            "blendingEnabled" : 0,
            "blendingMode" : "normal",
            "bottom" : null,
            "centerAnchorX" : 0.5,
            "centerAnchorY" : 0.51666666666666672,
            "children" : [

            ],
            "clip" : false,
            "codeOverrideEnabled" : false,
            "constraintsLocked" : false,
            "deviceType" : null,
            "exportOptions" : [

            ],
            "fillColor" : "hsla(0, 0%, 56%, 0.5)",
            "fillEnabled" : true,
            "fillGradient" : {
              "__class" : "LinearGradient",
              "alpha" : 1,
              "angle" : 0,
              "end" : "rgba(0,0,0,0)",
              "start" : "black"
            },
            "fillImage" : null,
            "fillImagePixelHeight" : null,
            "fillImagePixelWidth" : null,
            "fillImageResize" : "fill",
            "fillType" : "color",
            "height" : 1,
            "heightType" : 0,
            "id" : "oI6bbqfpW",
            "intrinsicHeight" : null,
            "intrinsicWidth" : null,
            "isExternalMaster" : null,
            "isMaster" : false,
            "isTarget" : false,
            "left" : 0,
            "locked" : false,
            "name" : null,
            "navigationTarget" : null,
            "navigationTransition" : "push",
            "navigationTransitionBackdropColor" : "rgba(4,4,15,.4)",
            "navigationTransitionDirection" : "left",
            "opacity" : 1,
            "originalid" : null,
            "parentid" : "F2O1VQPTE",
            "previewSettings" : null,
            "radius" : 0,
            "radiusBottomLeft" : 0,
            "radiusBottomRight" : 0,
            "radiusIsRelative" : false,
            "radiusPerCorner" : false,
            "radiusTopLeft" : 0,
            "radiusTopRight" : 0,
            "replicaInfo" : null,
            "right" : 0,
            "rotation" : 0,
            "top" : null,
            "visible" : true,
            "width" : 272,
            "widthType" : 0
          }
        ],
        "clip" : true,
        "codeOverrideEnabled" : false,
        "constraintsLocked" : false,
        "deviceType" : null,
        "exportOptions" : [

        ],
        "fillColor" : "white",
        "fillEnabled" : false,
        "fillGradient" : {
          "__class" : "LinearGradient",
          "alpha" : 1,
          "angle" : 0,
          "end" : "rgba(0,0,0,0)",
          "start" : "black"
        },
        "fillImage" : null,
        "fillImagePixelHeight" : null,
        "fillImagePixelWidth" : null,
        "fillImageResize" : "fill",
        "fillType" : "color",
        "height" : 30,
        "heightType" : 0,
        "id" : "F2O1VQPTE",
        "intrinsicHeight" : null,
        "intrinsicWidth" : null,
        "isExternalMaster" : null,
        "isMaster" : true,
        "isTarget" : false,
        "left" : 108,
        "locked" : false,
        "name" : "Diviider",
        "navigationTarget" : null,
        "navigationTransition" : "push",
        "navigationTransitionBackdropColor" : "rgba(4,4,15,.4)",
        "navigationTransitionDirection" : "left",
        "opacity" : 1,
        "originalid" : null,
        "parentid" : "Yamm9GO1z",
        "previewSettings" : null,
        "radius" : 0,
        "radiusBottomLeft" : 0,
        "radiusBottomRight" : 0,
        "radiusIsRelative" : false,
        "radiusPerCorner" : false,
        "radiusTopLeft" : 0,
        "radiusTopRight" : 0,
        "replicaInfo" : null,
        "right" : null,
        "rotation" : 0,
        "top" : -72,
        "visible" : true,
        "width" : 272,
        "widthType" : 0
      },
      {
        "__class" : "FrameNode",
        "aspectRatio" : null,
        "blendingEnabled" : 0,
        "blendingMode" : "normal",
        "bottom" : null,
        "centerAnchorX" : 0,
        "centerAnchorY" : 0,
        "children" : [
          {
            "__class" : "CodeComponentNode",
            "aspectRatio" : null,
            "bottom" : null,
            "centerAnchorX" : 0.5,
            "centerAnchorY" : 0.5,
            "children" : [

            ],
            "clip" : true,
            "codeComponentIdentifier" : "@framer\/steveruizok.classy-inputs\/.\/Input.tsx_Input",
            "codeComponentProps" : {
              "disabled" : false,
              "inputClassName" : "edu-input",
              "placeholder" : "Start typing...",
              "type" : "text",
              "useCSS" : true
            },
            "codeOverrideEnabled" : false,
            "constraintsLocked" : false,
            "exportOptions" : [

            ],
            "fillColor" : "rgba(255,255,255,1)",
            "fillEnabled" : false,
            "fillGradient" : {
              "__class" : "LinearGradient",
              "alpha" : 1,
              "angle" : 0,
              "end" : "rgba(0,0,0,0)",
              "start" : "black"
            },
            "fillImage" : null,
            "fillImagePixelHeight" : null,
            "fillImagePixelWidth" : null,
            "fillImageResize" : "fill",
            "fillType" : "color",
            "height" : 44,
            "heightType" : 0,
            "id" : "kp05lKreJ",
            "intrinsicHeight" : 44,
            "intrinsicWidth" : null,
            "left" : 0,
            "locked" : false,
            "name" : "Input",
            "opacity" : 1,
            "originalid" : null,
            "parentid" : "QHJtogUk_",
            "radius" : 0,
            "radiusBottomLeft" : 0,
            "radiusBottomRight" : 0,
            "radiusIsRelative" : false,
            "radiusPerCorner" : false,
            "radiusTopLeft" : 0,
            "radiusTopRight" : 0,
            "right" : 0,
            "rotation" : 0,
            "top" : null,
            "visible" : true,
            "width" : 335,
            "widthType" : 0
          },
          {
            "__class" : "TextNode",
            "autoSize" : true,
            "bottom" : null,
            "centerAnchorX" : 0.061194029850746269,
            "centerAnchorY" : 0.083333333333333329,
            "codeOverrideEnabled" : false,
            "constraintsLocked" : false,
            "exportOptions" : [

            ],
            "height" : 16,
            "heightType" : 0,
            "id" : "ozddxu6I6",
            "isTarget" : true,
            "left" : 0,
            "locked" : false,
            "name" : "$label",
            "opacity" : 1,
            "originalid" : null,
            "parentid" : "QHJtogUk_",
            "replicaInfo" : null,
            "right" : null,
            "rotation" : 0,
            "styledText" : {
              "__class" : "StyledTextDraft",
              "blocks" : [
                {
                  "data" : {
                    "emptyStyle" : [
                      "LETTERSPACING:0",
                      "LINEHEIGHT:1.2",
                      "SIZE:14",
                      "FONT:HelveticaNeue-Bold",
                      "COLOR:rgba(35, 105, 225, 1.00)"
                    ]
                  },
                  "depth" : 0,
                  "entityRanges" : [

                  ],
                  "inlineStyleRanges" : [
                    {
                      "length" : 4,
                      "offset" : 0,
                      "style" : "LETTERSPACING:0"
                    },
                    {
                      "length" : 4,
                      "offset" : 0,
                      "style" : "LINEHEIGHT:1.2"
                    },
                    {
                      "length" : 4,
                      "offset" : 0,
                      "style" : "SIZE:14"
                    },
                    {
                      "length" : 4,
                      "offset" : 0,
                      "style" : "FONT:HelveticaNeue-Bold"
                    },
                    {
                      "length" : 4,
                      "offset" : 0,
                      "style" : "COLOR:rgba(35, 105, 225, 1.00)"
                    }
                  ],
                  "key" : "2347j",
                  "text" : "Name",
                  "type" : "unstyled"
                }
              ],
              "cached" : {
                "html" : "<div data-offset-key=\"2347j-0-0\" class=\"public-DraftStyleDefault-block public-DraftStyleDefault-ltr\"><span data-offset-key=\"2347j-0-0\" style=\"tab-size:4;font-weight:700;font-family:&quot;HelveticaNeue-Bold&quot;, &quot;Helvetica Neue&quot;, sans-serif;-webkit-text-fill-color:rgba(35, 105, 225, 1.00);font-size:14px;letter-spacing:0px;line-height:1.2\"><span data-text=\"true\">Name<\/span><\/span><\/div>",
                "os" : "10_14",
                "size" : {
                  "height" : 16,
                  "width" : 41
                },
                "width" : 0
              },
              "entityMap" : {

              }
            },
            "top" : 0,
            "visible" : true,
            "width" : 41,
            "widthType" : 0
          },
          {
            "__class" : "TextNode",
            "autoSize" : true,
            "bottom" : 0,
            "centerAnchorX" : 0.097014925373134331,
            "centerAnchorY" : 0.91666666666666663,
            "codeOverrideEnabled" : false,
            "constraintsLocked" : false,
            "exportOptions" : [

            ],
            "height" : 16,
            "heightType" : 0,
            "id" : "bmCe3T91J",
            "isTarget" : true,
            "left" : 0,
            "locked" : false,
            "name" : "$errorText",
            "opacity" : 1,
            "originalid" : null,
            "parentid" : "QHJtogUk_",
            "replicaInfo" : null,
            "right" : null,
            "rotation" : 0,
            "styledText" : {
              "__class" : "StyledTextDraft",
              "blocks" : [
                {
                  "data" : {
                    "emptyStyle" : [
                      "LETTERSPACING:0",
                      "LINEHEIGHT:1.2",
                      "SIZE:14",
                      "FONT:HelveticaNeue-Bold",
                      "COLOR:rgba(35, 105, 225, 1.00)"
                    ]
                  },
                  "depth" : 0,
                  "entityRanges" : [

                  ],
                  "inlineStyleRanges" : [
                    {
                      "length" : 10,
                      "offset" : 0,
                      "style" : "LETTERSPACING:0"
                    },
                    {
                      "length" : 10,
                      "offset" : 0,
                      "style" : "LINEHEIGHT:1.2"
                    },
                    {
                      "length" : 10,
                      "offset" : 0,
                      "style" : "SIZE:14"
                    },
                    {
                      "length" : 10,
                      "offset" : 0,
                      "style" : "FONT:HelveticaNeue-Bold"
                    },
                    {
                      "length" : 10,
                      "offset" : 0,
                      "style" : "COLOR:rgba(35, 105, 225, 1.00)"
                    }
                  ],
                  "key" : "2347j",
                  "text" : "Error text",
                  "type" : "unstyled"
                }
              ],
              "cached" : {
                "html" : "<div data-offset-key=\"2347j-0-0\" class=\"public-DraftStyleDefault-block public-DraftStyleDefault-ltr\"><span data-offset-key=\"2347j-0-0\" style=\"tab-size:4;font-weight:700;font-family:&quot;HelveticaNeue-Bold&quot;, &quot;Helvetica Neue&quot;, sans-serif;-webkit-text-fill-color:rgba(35, 105, 225, 1.00);font-size:14px;letter-spacing:0px;line-height:1.2\"><span data-text=\"true\">Error text<\/span><\/span><\/div>",
                "os" : "10_14",
                "size" : {
                  "height" : 16,
                  "width" : 65
                },
                "width" : 0
              },
              "entityMap" : {

              }
            },
            "top" : null,
            "visible" : true,
            "width" : 65,
            "widthType" : 0
          }
        ],
        "clip" : true,
        "codeOverrideEnabled" : false,
        "constraintsLocked" : false,
        "deviceType" : null,
        "exportOptions" : [

        ],
        "fillColor" : "rgba(255,255,255,1)",
        "fillEnabled" : false,
        "fillGradient" : {
          "__class" : "LinearGradient",
          "alpha" : 1,
          "angle" : 0,
          "end" : "rgba(0,0,0,0)",
          "start" : "black"
        },
        "fillImage" : null,
        "fillImagePixelHeight" : null,
        "fillImagePixelWidth" : null,
        "fillImageResize" : "fill",
        "fillType" : "color",
        "height" : 96,
        "heightType" : 0,
        "id" : "QHJtogUk_",
        "intrinsicHeight" : null,
        "intrinsicWidth" : null,
        "isExternalMaster" : null,
        "isMaster" : true,
        "isTarget" : false,
        "left" : 108,
        "locked" : false,
        "name" : "NameField",
        "navigationTarget" : null,
        "navigationTransition" : "push",
        "navigationTransitionBackdropColor" : "rgba(4,4,15,.4)",
        "navigationTransitionDirection" : "left",
        "opacity" : 1,
        "originalid" : null,
        "parentid" : "Yamm9GO1z",
        "previewSettings" : null,
        "radius" : 0,
        "radiusBottomLeft" : 0,
        "radiusBottomRight" : 0,
        "radiusIsRelative" : false,
        "radiusPerCorner" : false,
        "radiusTopLeft" : 0,
        "radiusTopRight" : 0,
        "replicaInfo" : null,
        "right" : null,
        "rotation" : 0,
        "top" : 12,
        "visible" : true,
        "width" : 335,
        "widthType" : 0
      },
      {
        "__class" : "FrameNode",
        "aspectRatio" : null,
        "blendingEnabled" : 0,
        "blendingMode" : "normal",
        "bottom" : null,
        "centerAnchorX" : 0.5,
        "centerAnchorY" : 0.14778325123152711,
        "children" : [

        ],
        "clip" : false,
        "codeOverrideEnabled" : false,
        "constraintsLocked" : false,
        "deviceType" : null,
        "exportOptions" : [

        ],
        "fillColor" : "rgba(255,255,255,1)",
        "fillEnabled" : false,
        "fillGradient" : {
          "__class" : "LinearGradient",
          "alpha" : 1,
          "angle" : 0,
          "end" : "rgba(0,0,0,0)",
          "start" : "black"
        },
        "fillImage" : null,
        "fillImagePixelHeight" : null,
        "fillImagePixelWidth" : null,
        "fillImageResize" : "fill",
        "fillType" : "color",
        "height" : 104,
        "heightType" : 0,
        "id" : "jeRdKzsjB",
        "intrinsicHeight" : null,
        "intrinsicWidth" : null,
        "isExternalMaster" : "hidden master",
        "isMaster" : true,
        "isTarget" : false,
        "left" : 108,
        "locked" : false,
        "name" : "TextField",
        "navigationTarget" : null,
        "navigationTransition" : "push",
        "navigationTransitionBackdropColor" : "rgba(4,4,15,.4)",
        "navigationTransitionDirection" : "left",
        "opacity" : 1,
        "originalid" : null,
        "parentid" : "Yamm9GO1z",
        "previewSettings" : null,
        "radius" : 0,
        "radiusBottomLeft" : 0,
        "radiusBottomRight" : 0,
        "radiusIsRelative" : false,
        "radiusPerCorner" : false,
        "radiusTopLeft" : 0,
        "radiusTopRight" : 0,
        "replicaInfo" : null,
        "right" : null,
        "rotation" : 0,
        "top" : 12,
        "visible" : true,
        "width" : 335,
        "widthType" : 0
      },
      {
        "__class" : "FrameNode",
        "aspectRatio" : null,
        "blendingEnabled" : 0,
        "blendingMode" : "normal",
        "bottom" : null,
        "centerAnchorX" : 0.5,
        "centerAnchorY" : 0.14778325123152711,
        "children" : [
          {
            "__class" : "TextNode",
            "autoSize" : true,
            "bottom" : null,
            "centerAnchorX" : 0.067164179104477612,
            "centerAnchorY" : 0.091346153846153841,
            "codeOverrideEnabled" : false,
            "constraintsLocked" : false,
            "exportOptions" : [

            ],
            "height" : 16,
            "heightType" : 0,
            "id" : "Y_nQrmw0Nozddxu6I6",
            "isTarget" : true,
            "left" : 0,
            "locked" : false,
            "name" : "$label",
            "opacity" : 1,
            "originalid" : null,
            "parentid" : "Y_nQrmw0N",
            "replicaInfo" : null,
            "right" : null,
            "rotation" : 0,
            "styledText" : {
              "__class" : "StyledTextDraft",
              "blocks" : [
                {
                  "data" : {
                    "emptyStyle" : [
                      "LETTERSPACING:0",
                      "LINEHEIGHT:1.2",
                      "SIZE:14",
                      "FONT:HelveticaNeue-Bold",
                      "COLOR:rgba(35, 105, 225, 1.00)"
                    ]
                  },
                  "depth" : 0,
                  "entityRanges" : [

                  ],
                  "inlineStyleRanges" : [
                    {
                      "length" : 4,
                      "offset" : 0,
                      "style" : "LETTERSPACING:0"
                    },
                    {
                      "length" : 4,
                      "offset" : 0,
                      "style" : "LINEHEIGHT:1.2"
                    },
                    {
                      "length" : 4,
                      "offset" : 0,
                      "style" : "SIZE:14"
                    },
                    {
                      "length" : 4,
                      "offset" : 0,
                      "style" : "FONT:HelveticaNeue-Bold"
                    },
                    {
                      "length" : 4,
                      "offset" : 0,
                      "style" : "COLOR:rgba(35, 105, 225, 1.00)"
                    }
                  ],
                  "key" : "2347j",
                  "text" : "Name",
                  "type" : "unstyled"
                }
              ],
              "cached" : {
                "html" : "<div data-offset-key=\"2347j-0-0\" class=\"public-DraftStyleDefault-block public-DraftStyleDefault-ltr\"><span data-offset-key=\"2347j-0-0\" style=\"tab-size:4;font-weight:700;font-family:&quot;HelveticaNeue-Bold&quot;, &quot;Helvetica Neue&quot;, sans-serif;-webkit-text-fill-color:rgba(35, 105, 225, 1.00);font-size:14px;letter-spacing:0px;line-height:1.2\"><span data-text=\"true\">Name<\/span><\/span><\/div>",
                "os" : "10_14",
                "size" : {
                  "height" : 16,
                  "width" : 41
                },
                "width" : 0
              },
              "entityMap" : {

              }
            },
            "top" : 0,
            "visible" : true,
            "width" : 41,
            "widthType" : 0
          },
          {
            "__class" : "TextNode",
            "autoSize" : true,
            "bottom" : 10,
            "centerAnchorX" : 0.076119402985074622,
            "centerAnchorY" : 0.83653846153846156,
            "codeOverrideEnabled" : false,
            "constraintsLocked" : false,
            "exportOptions" : [

            ],
            "height" : 16,
            "heightType" : 0,
            "id" : "Y_nQrmw0NbmCe3T91J",
            "isTarget" : true,
            "left" : 0,
            "locked" : false,
            "name" : "$errorText",
            "opacity" : 1,
            "originalid" : null,
            "parentid" : "Y_nQrmw0N",
            "replicaInfo" : null,
            "right" : null,
            "rotation" : 0,
            "styledText" : {
              "__class" : "StyledTextDraft",
              "blocks" : [
                {
                  "data" : {
                    "emptyStyle" : [
                      "LETTERSPACING:0",
                      "LINEHEIGHT:1.2",
                      "SIZE:14",
                      "FONT:HelveticaNeue-Bold",
                      "COLOR:rgba(35, 105, 225, 1.00)"
                    ]
                  },
                  "depth" : 0,
                  "entityRanges" : [

                  ],
                  "inlineStyleRanges" : [
                    {
                      "length" : 10,
                      "offset" : 0,
                      "style" : "LETTERSPACING:0"
                    },
                    {
                      "length" : 10,
                      "offset" : 0,
                      "style" : "LINEHEIGHT:1.2"
                    },
                    {
                      "length" : 10,
                      "offset" : 0,
                      "style" : "SIZE:14"
                    },
                    {
                      "length" : 10,
                      "offset" : 0,
                      "style" : "FONT:HelveticaNeue-Bold"
                    },
                    {
                      "length" : 10,
                      "offset" : 0,
                      "style" : "COLOR:rgba(35, 105, 225, 1.00)"
                    }
                  ],
                  "key" : "2347j",
                  "text" : "Error text",
                  "type" : "unstyled"
                }
              ],
              "cached" : {
                "html" : "<div data-offset-key=\"2347j-0-0\" class=\"public-DraftStyleDefault-block public-DraftStyleDefault-ltr\"><span data-offset-key=\"2347j-0-0\" style=\"tab-size:4;font-weight:700;font-family:&quot;HelveticaNeue-Bold&quot;, &quot;Helvetica Neue&quot;, sans-serif;-webkit-text-fill-color:rgba(35, 105, 225, 1.00);font-size:14px;letter-spacing:0px;line-height:1.2\"><span data-text=\"true\">Error text<\/span><\/span><\/div>",
                "os" : "10_14",
                "size" : {
                  "height" : 16,
                  "width" : 65
                },
                "width" : 0
              },
              "entityMap" : {

              }
            },
            "top" : null,
            "visible" : true,
            "width" : 65,
            "widthType" : 0
          },
          {
            "__class" : "CodeComponentNode",
            "aspectRatio" : null,
            "bottom" : null,
            "centerAnchorX" : 0.5,
            "centerAnchorY" : 0.46153846153846156,
            "children" : [

            ],
            "clip" : true,
            "codeComponentIdentifier" : "@framer\/steveruizok.classy-inputs\/.\/Select.tsx_Select",
            "codeComponentProps" : {
              "cssClassName" : "edu-select",
              "disabled" : false,
              "nullable" : true,
              "options" : "Paris,London,Hong Kong, New York",
              "useCSS" : true
            },
            "codeOverrideEnabled" : false,
            "constraintsLocked" : false,
            "exportOptions" : [

            ],
            "fillColor" : "rgba(255,255,255,1)",
            "fillEnabled" : false,
            "fillGradient" : {
              "__class" : "LinearGradient",
              "alpha" : 1,
              "angle" : 0,
              "end" : "rgba(0,0,0,0)",
              "start" : "black"
            },
            "fillImage" : null,
            "fillImagePixelHeight" : null,
            "fillImagePixelWidth" : null,
            "fillImageResize" : "fill",
            "fillType" : "color",
            "height" : 44,
            "heightType" : 0,
            "id" : "K3P5SnLrI",
            "intrinsicHeight" : 44,
            "intrinsicWidth" : null,
            "left" : 0,
            "locked" : false,
            "name" : null,
            "opacity" : 1,
            "originalid" : null,
            "parentid" : "Y_nQrmw0N",
            "radius" : 0,
            "radiusBottomLeft" : 0,
            "radiusBottomRight" : 0,
            "radiusIsRelative" : false,
            "radiusPerCorner" : false,
            "radiusTopLeft" : 0,
            "radiusTopRight" : 0,
            "right" : 0,
            "rotation" : 0,
            "top" : 26,
            "visible" : true,
            "width" : 335,
            "widthType" : 0
          }
        ],
        "clip" : false,
        "codeOverrideEnabled" : false,
        "constraintsLocked" : false,
        "deviceType" : null,
        "exportOptions" : [

        ],
        "fillColor" : "rgba(255,255,255,1)",
        "fillEnabled" : false,
        "fillGradient" : {
          "__class" : "LinearGradient",
          "alpha" : 1,
          "angle" : 0,
          "end" : "rgba(0,0,0,0)",
          "start" : "black"
        },
        "fillImage" : null,
        "fillImagePixelHeight" : null,
        "fillImagePixelWidth" : null,
        "fillImageResize" : "fill",
        "fillType" : "color",
        "height" : 104,
        "heightType" : 0,
        "id" : "Y_nQrmw0N",
        "intrinsicHeight" : null,
        "intrinsicWidth" : null,
        "isExternalMaster" : null,
        "isMaster" : true,
        "isTarget" : false,
        "left" : 108,
        "locked" : false,
        "name" : "SelectField",
        "navigationTarget" : null,
        "navigationTransition" : "push",
        "navigationTransitionBackdropColor" : "rgba(4,4,15,.4)",
        "navigationTransitionDirection" : "left",
        "opacity" : 1,
        "originalid" : null,
        "parentid" : "Yamm9GO1z",
        "previewSettings" : null,
        "radius" : 0,
        "radiusBottomLeft" : 0,
        "radiusBottomRight" : 0,
        "radiusIsRelative" : false,
        "radiusPerCorner" : false,
        "radiusTopLeft" : 0,
        "radiusTopRight" : 0,
        "replicaInfo" : null,
        "right" : null,
        "rotation" : 0,
        "top" : 183,
        "visible" : true,
        "width" : 335,
        "widthType" : 0
      }
    ],
    "id" : "Yamm9GO1z",
    "name" : null,
    "originalid" : null,
    "parentid" : null,
    "visible" : false
  },
  "version" : 48
}