{
  "root" : {
    "__class" : "RootNode",
    "children" : [
      {
        "__class" : "FrameNode",
        "aspectRatio" : null,
        "blendingEnabled" : 0,
        "blendingMode" : "normal",
        "bottom" : null,
        "centerAnchorX" : 1.1426666666666667,
        "centerAnchorY" : 1.396551724137931,
        "children" : [
          {
            "__class" : "CodeComponentNode",
            "aspectRatio" : null,
            "bottom" : null,
            "centerAnchorX" : 0.5,
            "centerAnchorY" : 0.49507389162561577,
            "children" : [
              {
                "__class" : "FrameNode",
                "aspectRatio" : null,
                "blendingEnabled" : 0,
                "blendingMode" : "normal",
                "bottom" : null,
                "centerAnchorX" : 0,
                "centerAnchorY" : 0,
                "children" : [

                ],
                "clip" : true,
                "codeOverrideEnabled" : true,
                "codeOverrideFile" : ".\/Demo.tsx",
                "codeOverrideIdentifier" : ".\/Demo.tsx_NameContainer",
                "codeOverrideName" : "NameContainer",
                "constraintsLocked" : false,
                "deviceType" : null,
                "exportOptions" : [

                ],
                "fillColor" : "rgba(255,255,255,1)",
                "fillEnabled" : false,
                "fillGradient" : {
                  "__class" : "LinearGradient",
                  "alpha" : 1,
                  "angle" : 0,
                  "end" : "rgba(0,0,0,0)",
                  "start" : "black"
                },
                "fillImage" : null,
                "fillImagePixelHeight" : null,
                "fillImagePixelWidth" : null,
                "fillImageResize" : "fill",
                "fillType" : "color",
                "height" : 96,
                "heightType" : 0,
                "id" : "JoB7KRAoU",
                "intrinsicHeight" : null,
                "intrinsicWidth" : null,
                "isExternalMaster" : null,
                "isMaster" : false,
                "isTarget" : false,
                "left" : null,
                "locked" : false,
                "name" : "NameField",
                "navigationTarget" : null,
                "navigationTransition" : "push",
                "navigationTransitionBackdropColor" : "rgba(4,4,15,.4)",
                "navigationTransitionDirection" : "left",
                "opacity" : 1,
                "originalid" : "QHJtogUk_",
                "parentid" : "PRTc4GHtW",
                "previewSettings" : null,
                "radius" : 0,
                "radiusBottomLeft" : 0,
                "radiusBottomRight" : 0,
                "radiusIsRelative" : false,
                "radiusPerCorner" : false,
                "radiusTopLeft" : 0,
                "radiusTopRight" : 0,
                "replicaInfo" : {
                  "master" : "QHJtogUk_",
                  "overrides" : {
                    "bmCe3T91J" : {
                      "styledText" : {
                        "__class" : "StyledTextDraft",
                        "blocks" : [
                          {
                            "data" : {
                              "emptyStyle" : [
                                "LETTERSPACING:0",
                                "LINEHEIGHT:1.2",
                                "FONT:HelveticaNeue-Bold",
                                "COLOR:rgba(35, 105, 225, 1.00)",
                                "SIZE:12"
                              ]
                            },
                            "depth" : 0,
                            "entityRanges" : [

                            ],
                            "inlineStyleRanges" : [
                              {
                                "length" : 1,
                                "offset" : 0,
                                "style" : "LETTERSPACING:0"
                              },
                              {
                                "length" : 1,
                                "offset" : 0,
                                "style" : "LINEHEIGHT:1.2"
                              },
                              {
                                "length" : 1,
                                "offset" : 0,
                                "style" : "FONT:HelveticaNeue-Bold"
                              },
                              {
                                "length" : 1,
                                "offset" : 0,
                                "style" : "COLOR:rgba(35, 105, 225, 1.00)"
                              },
                              {
                                "length" : 1,
                                "offset" : 0,
                                "style" : "SIZE:12"
                              }
                            ],
                            "key" : "2347j",
                            "text" : " ",
                            "type" : "unstyled"
                          }
                        ],
                        "cached" : {
                          "html" : "<div data-offset-key=\"2347j-0-0\" class=\"public-DraftStyleDefault-block public-DraftStyleDefault-ltr\"><span data-offset-key=\"2347j-0-0\" style=\"tab-size:4;font-weight:700;font-family:&quot;HelveticaNeue-Bold&quot;, &quot;Helvetica Neue&quot;, sans-serif;-webkit-text-fill-color:rgba(35, 105, 225, 1.00);font-size:12px;letter-spacing:0px;line-height:1.2\"><span data-text=\"true\"> <\/span><\/span><\/div>",
                          "os" : "10_14",
                          "size" : {
                            "height" : 14,
                            "width" : 5
                          },
                          "width" : 0
                        },
                        "entityMap" : {

                        }
                      }
                    },
                    "kp05lKreJ" : {
                      "codeOverrideEnabled" : true,
                      "codeOverrideFile" : ".\/Demo.tsx",
                      "codeOverrideIdentifier" : ".\/Demo.tsx_NameInput",
                      "codeOverrideName" : "NameInput"
                    },
                    "ozddxu6I6" : {
                      "styledText" : {
                        "__class" : "StyledTextDraft",
                        "blocks" : [
                          {
                            "data" : {
                              "emptyStyle" : [
                                "LETTERSPACING:0",
                                "LINEHEIGHT:1.2",
                                "SIZE:14",
                                "FONT:HelveticaNeue-Bold",
                                "COLOR:rgba(35, 105, 225, 1.00)"
                              ]
                            },
                            "depth" : 0,
                            "entityRanges" : [

                            ],
                            "inlineStyleRanges" : [
                              {
                                "length" : 4,
                                "offset" : 0,
                                "style" : "LETTERSPACING:0"
                              },
                              {
                                "length" : 4,
                                "offset" : 0,
                                "style" : "LINEHEIGHT:1.2"
                              },
                              {
                                "length" : 4,
                                "offset" : 0,
                                "style" : "SIZE:14"
                              },
                              {
                                "length" : 4,
                                "offset" : 0,
                                "style" : "FONT:HelveticaNeue-Bold"
                              },
                              {
                                "length" : 4,
                                "offset" : 0,
                                "style" : "COLOR:rgba(35, 105, 225, 1.00)"
                              }
                            ],
                            "key" : "2347j",
                            "text" : "Name",
                            "type" : "unstyled"
                          }
                        ],
                        "cached" : {
                          "html" : "<div data-offset-key=\"2347j-0-0\" class=\"public-DraftStyleDefault-block public-DraftStyleDefault-ltr\"><span data-offset-key=\"2347j-0-0\" style=\"tab-size:4;font-weight:700;font-family:&quot;HelveticaNeue-Bold&quot;, &quot;Helvetica Neue&quot;, sans-serif;-webkit-text-fill-color:rgba(35, 105, 225, 1.00);font-size:14px;letter-spacing:0px;line-height:1.2\"><span data-text=\"true\">Name<\/span><\/span><\/div>",
                          "os" : "10_14",
                          "size" : {
                            "height" : 16,
                            "width" : 41
                          },
                          "width" : 0
                        },
                        "entityMap" : {

                        }
                      }
                    },
                    "QHJtogUk_" : {
                      "bottom" : null,
                      "centerAnchorX" : 0,
                      "centerAnchorY" : 0,
                      "codeOverrideEnabled" : true,
                      "codeOverrideFile" : ".\/Demo.tsx",
                      "codeOverrideIdentifier" : ".\/Demo.tsx_NameContainer",
                      "codeOverrideName" : "NameContainer",
                      "left" : null,
                      "right" : null,
                      "top" : null,
                      "width" : 1,
                      "widthType" : 3
                    }
                  }
                },
                "right" : null,
                "rotation" : 0,
                "top" : null,
                "visible" : true,
                "width" : 1,
                "widthType" : 3
              }
            ],
            "clip" : true,
            "codeComponentIdentifier" : "framer\/Stack",
            "codeComponentProps" : {
              "alignment" : "start",
              "direction" : "vertical",
              "distribution" : "start",
              "gap" : 24,
              "padding" : 53,
              "paddingBottom" : 0,
              "paddingLeft" : 53,
              "paddingPerSide" : true,
              "paddingRight" : 53,
              "paddingTop" : 0
            },
            "codeOverrideEnabled" : false,
            "constraintsLocked" : false,
            "exportOptions" : [

            ],
            "fillColor" : "rgba(255,255,255,1)",
            "fillEnabled" : false,
            "fillGradient" : {
              "__class" : "LinearGradient",
              "alpha" : 1,
              "angle" : 0,
              "end" : "rgba(0,0,0,0)",
              "start" : "black"
            },
            "fillImage" : null,
            "fillImagePixelHeight" : null,
            "fillImagePixelWidth" : null,
            "fillImageResize" : "fill",
            "fillType" : "color",
            "height" : 444,
            "heightType" : 0,
            "id" : "PRTc4GHtW",
            "intrinsicHeight" : null,
            "intrinsicWidth" : null,
            "left" : 0,
            "locked" : false,
            "name" : null,
            "opacity" : 1,
            "originalid" : null,
            "parentid" : "bbELOZQ_A",
            "radius" : 0,
            "radiusBottomLeft" : 0,
            "radiusBottomRight" : 0,
            "radiusIsRelative" : false,
            "radiusPerCorner" : false,
            "radiusTopLeft" : 0,
            "radiusTopRight" : 0,
            "right" : 0,
            "rotation" : 0,
            "top" : 180,
            "visible" : true,
            "width" : 375,
            "widthType" : 0
          },
          {
            "__class" : "TextNode",
            "autoSize" : true,
            "bottom" : null,
            "centerAnchorX" : 0.36666666666666664,
            "centerAnchorY" : 0.14593596059113301,
            "codeOverrideEnabled" : false,
            "constraintsLocked" : false,
            "exportOptions" : [

            ],
            "height" : 43,
            "heightType" : 0,
            "id" : "BZgO5IHEb",
            "isTarget" : false,
            "left" : 53,
            "locked" : false,
            "name" : null,
            "opacity" : 1,
            "originalid" : null,
            "parentid" : "bbELOZQ_A",
            "right" : null,
            "rotation" : 0,
            "styledText" : {
              "__class" : "StyledTextDraft",
              "blocks" : [
                {
                  "data" : {
                    "emptyStyle" : [
                      "LETTERSPACING:0",
                      "LINEHEIGHT:1.2",
                      "FONT:HelveticaNeue-Bold",
                      "SIZE:36",
                      "COLOR:rgba(35, 105, 225, 1.00)"
                    ]
                  },
                  "depth" : 0,
                  "entityRanges" : [

                  ],
                  "inlineStyleRanges" : [
                    {
                      "length" : 13,
                      "offset" : 0,
                      "style" : "LETTERSPACING:0"
                    },
                    {
                      "length" : 13,
                      "offset" : 0,
                      "style" : "LINEHEIGHT:1.2"
                    },
                    {
                      "length" : 13,
                      "offset" : 0,
                      "style" : "FONT:HelveticaNeue-Bold"
                    },
                    {
                      "length" : 13,
                      "offset" : 0,
                      "style" : "SIZE:36"
                    },
                    {
                      "length" : 13,
                      "offset" : 0,
                      "style" : "COLOR:rgba(35, 105, 225, 1.00)"
                    }
                  ],
                  "key" : "fspg7",
                  "text" : "Data fetching",
                  "type" : "unstyled"
                }
              ],
              "cached" : {
                "html" : "<div data-offset-key=\"fspg7-0-0\" class=\"public-DraftStyleDefault-block public-DraftStyleDefault-ltr\"><span data-offset-key=\"fspg7-0-0\" style=\"tab-size:4;font-weight:700;font-family:&quot;HelveticaNeue-Bold&quot;, &quot;Helvetica Neue&quot;, sans-serif;-webkit-text-fill-color:rgba(35, 105, 225, 1.00);font-size:36px;letter-spacing:0px;line-height:1.2\"><span data-text=\"true\">Data fetching<\/span><\/span><\/div>",
                "os" : "10_14",
                "size" : {
                  "height" : 43,
                  "width" : 232
                },
                "width" : 0
              },
              "entityMap" : {

              }
            },
            "top" : 97,
            "visible" : true,
            "width" : 232,
            "widthType" : 0
          },
          {
            "__class" : "TextNode",
            "autoSize" : true,
            "bottom" : null,
            "centerAnchorX" : 0.31733333333333336,
            "centerAnchorY" : 0.10160098522167488,
            "codeOverrideEnabled" : false,
            "constraintsLocked" : false,
            "exportOptions" : [

            ],
            "height" : 21,
            "heightType" : 0,
            "id" : "O4o6tnSjq",
            "isTarget" : false,
            "left" : 53,
            "locked" : false,
            "name" : null,
            "opacity" : 1,
            "originalid" : null,
            "parentid" : "bbELOZQ_A",
            "right" : null,
            "rotation" : 0,
            "styledText" : {
              "__class" : "StyledTextDraft",
              "blocks" : [
                {
                  "data" : {
                    "emptyStyle" : [
                      "LETTERSPACING:0",
                      "LINEHEIGHT:1.2",
                      "FONT:HelveticaNeue-Bold",
                      "COLOR:rgba(35, 105, 225, 1.00)",
                      "SIZE:18"
                    ]
                  },
                  "depth" : 0,
                  "entityRanges" : [

                  ],
                  "inlineStyleRanges" : [
                    {
                      "length" : 15,
                      "offset" : 0,
                      "style" : "LETTERSPACING:0"
                    },
                    {
                      "length" : 15,
                      "offset" : 0,
                      "style" : "LINEHEIGHT:1.2"
                    },
                    {
                      "length" : 15,
                      "offset" : 0,
                      "style" : "BOLD"
                    },
                    {
                      "length" : 15,
                      "offset" : 0,
                      "style" : "FONT:HelveticaNeue-Bold"
                    },
                    {
                      "length" : 15,
                      "offset" : 0,
                      "style" : "COLOR:rgba(35, 105, 225, 1.00)"
                    },
                    {
                      "length" : 15,
                      "offset" : 0,
                      "style" : "SIZE:18"
                    }
                  ],
                  "key" : "fspg7",
                  "text" : "FetchController",
                  "type" : "unstyled"
                }
              ],
              "cached" : {
                "html" : "<div data-offset-key=\"fspg7-0-0\" class=\"public-DraftStyleDefault-block public-DraftStyleDefault-ltr\"><span data-offset-key=\"fspg7-0-0\" style=\"font-weight:700;tab-size:4;font-family:&quot;HelveticaNeue-Bold&quot;, &quot;Helvetica Neue&quot;, sans-serif;-webkit-text-fill-color:rgba(35, 105, 225, 1.00);font-size:18px;letter-spacing:0px;line-height:1.2\"><span data-text=\"true\">FetchController<\/span><\/span><\/div>",
                "os" : "10_14",
                "size" : {
                  "height" : 21,
                  "width" : 135
                },
                "width" : 0
              },
              "entityMap" : {

              }
            },
            "top" : 72,
            "visible" : true,
            "width" : 135,
            "widthType" : 0
          }
        ],
        "clip" : true,
        "codeOverrideEnabled" : true,
        "constraintsLocked" : false,
        "deviceType" : "framer\/FramerAppleIPhoneXS",
        "exportOptions" : [

        ],
        "fillColor" : "rgba(243, 252, 233, 1.00)",
        "fillEnabled" : true,
        "fillGradient" : {
          "__class" : "LinearGradient",
          "alpha" : 1,
          "angle" : 0,
          "end" : "#1ED2FC",
          "start" : "#015FDF"
        },
        "fillImage" : null,
        "fillImagePixelHeight" : null,
        "fillImagePixelWidth" : null,
        "fillImageResize" : "fill",
        "fillType" : "color",
        "height" : 812,
        "heightType" : 0,
        "id" : "bbELOZQ_A",
        "intrinsicHeight" : null,
        "intrinsicWidth" : null,
        "isExternalMaster" : null,
        "isMaster" : false,
        "isTarget" : false,
        "left" : 513,
        "locked" : false,
        "name" : null,
        "navigationTarget" : null,
        "navigationTransition" : "push",
        "navigationTransitionBackdropColor" : "rgba(4,4,15,.4)",
        "navigationTransitionDirection" : "left",
        "opacity" : 1,
        "originalid" : null,
        "parentid" : "Yamm9GO1z",
        "previewSettings" : {
          "__class" : "PreviewSettings",
          "bezel" : false,
          "deviceType" : "framer\/FramerAppleIPhoneXS",
          "responsive" : true,
          "rotate" : false,
          "skin" : "",
          "touch" : true,
          "zoom" : -1
        },
        "radius" : 0,
        "radiusBottomLeft" : 0,
        "radiusBottomRight" : 0,
        "radiusIsRelative" : false,
        "radiusPerCorner" : false,
        "radiusTopLeft" : 0,
        "radiusTopRight" : 0,
        "replicaInfo" : null,
        "right" : null,
        "rotation" : 0,
        "top" : -72,
        "visible" : true,
        "width" : 375,
        "widthType" : 0
      },
      {
        "__class" : "FrameNode",
        "aspectRatio" : null,
        "blendingEnabled" : 0,
        "blendingMode" : "normal",
        "bottom" : null,
        "centerAnchorX" : 0,
        "centerAnchorY" : 0,
        "children" : [
          {
            "__class" : "FrameNode",
            "aspectRatio" : null,
            "blendingEnabled" : 0,
            "blendingMode" : "normal",
            "bottom" : null,
            "centerAnchorX" : 0.5,
            "centerAnchorY" : 0.51666666666666672,
            "children" : [

            ],
            "clip" : false,
            "codeOverrideEnabled" : false,
            "constraintsLocked" : false,
            "deviceType" : null,
            "exportOptions" : [

            ],
            "fillColor" : "hsla(0, 0%, 56%, 0.5)",
            "fillEnabled" : true,
            "fillGradient" : {
              "__class" : "LinearGradient",
              "alpha" : 1,
              "angle" : 0,
              "end" : "rgba(0,0,0,0)",
              "start" : "black"
            },
            "fillImage" : null,
            "fillImagePixelHeight" : null,
            "fillImagePixelWidth" : null,
            "fillImageResize" : "fill",
            "fillType" : "color",
            "height" : 1,
            "heightType" : 0,
            "id" : "oI6bbqfpW",
            "intrinsicHeight" : null,
            "intrinsicWidth" : null,
            "isExternalMaster" : null,
            "isMaster" : false,
            "isTarget" : false,
            "left" : 0,
            "locked" : false,
            "name" : null,
            "navigationTarget" : null,
            "navigationTransition" : "push",
            "navigationTransitionBackdropColor" : "rgba(4,4,15,.4)",
            "navigationTransitionDirection" : "left",
            "opacity" : 1,
            "originalid" : null,
            "parentid" : "F2O1VQPTE",
            "previewSettings" : null,
            "radius" : 0,
            "radiusBottomLeft" : 0,
            "radiusBottomRight" : 0,
            "radiusIsRelative" : false,
            "radiusPerCorner" : false,
            "radiusTopLeft" : 0,
            "radiusTopRight" : 0,
            "replicaInfo" : null,
            "right" : 0,
            "rotation" : 0,
            "top" : null,
            "visible" : true,
            "width" : 272,
            "widthType" : 0
          }
        ],
        "clip" : true,
        "codeOverrideEnabled" : false,
        "constraintsLocked" : false,
        "deviceType" : null,
        "exportOptions" : [

        ],
        "fillColor" : "white",
        "fillEnabled" : false,
        "fillGradient" : {
          "__class" : "LinearGradient",
          "alpha" : 1,
          "angle" : 0,
          "end" : "rgba(0,0,0,0)",
          "start" : "black"
        },
        "fillImage" : null,
        "fillImagePixelHeight" : null,
        "fillImagePixelWidth" : null,
        "fillImageResize" : "fill",
        "fillType" : "color",
        "height" : 30,
        "heightType" : 0,
        "id" : "F2O1VQPTE",
        "intrinsicHeight" : null,
        "intrinsicWidth" : null,
        "isExternalMaster" : null,
        "isMaster" : true,
        "isTarget" : false,
        "left" : 108,
        "locked" : false,
        "name" : "Diviider",
        "navigationTarget" : null,
        "navigationTransition" : "push",
        "navigationTransitionBackdropColor" : "rgba(4,4,15,.4)",
        "navigationTransitionDirection" : "left",
        "opacity" : 1,
        "originalid" : null,
        "parentid" : "Yamm9GO1z",
        "previewSettings" : null,
        "radius" : 0,
        "radiusBottomLeft" : 0,
        "radiusBottomRight" : 0,
        "radiusIsRelative" : false,
        "radiusPerCorner" : false,
        "radiusTopLeft" : 0,
        "radiusTopRight" : 0,
        "replicaInfo" : null,
        "right" : null,
        "rotation" : 0,
        "top" : -72,
        "visible" : true,
        "width" : 272,
        "widthType" : 0
      },
      {
        "__class" : "FrameNode",
        "aspectRatio" : null,
        "blendingEnabled" : 0,
        "blendingMode" : "normal",
        "bottom" : null,
        "centerAnchorX" : 0,
        "centerAnchorY" : 0,
        "children" : [
          {
            "__class" : "CodeComponentNode",
            "aspectRatio" : null,
            "bottom" : null,
            "centerAnchorX" : 0.5,
            "centerAnchorY" : 0.5,
            "children" : [

            ],
            "clip" : true,
            "codeComponentIdentifier" : "@framer\/steveruizok.classy-inputs\/.\/Input.tsx_Input",
            "codeComponentProps" : {
              "disabled" : false,
              "inputClassName" : "edu-input",
              "placeholder" : "Start typing...",
              "type" : "text",
              "useCSS" : true
            },
            "codeOverrideEnabled" : false,
            "constraintsLocked" : false,
            "exportOptions" : [

            ],
            "fillColor" : "rgba(255,255,255,1)",
            "fillEnabled" : false,
            "fillGradient" : {
              "__class" : "LinearGradient",
              "alpha" : 1,
              "angle" : 0,
              "end" : "rgba(0,0,0,0)",
              "start" : "black"
            },
            "fillImage" : null,
            "fillImagePixelHeight" : null,
            "fillImagePixelWidth" : null,
            "fillImageResize" : "fill",
            "fillType" : "color",
            "height" : 44,
            "heightType" : 0,
            "id" : "kp05lKreJ",
            "intrinsicHeight" : 44,
            "intrinsicWidth" : null,
            "left" : 0,
            "locked" : false,
            "name" : "Input",
            "opacity" : 1,
            "originalid" : null,
            "parentid" : "QHJtogUk_",
            "radius" : 0,
            "radiusBottomLeft" : 0,
            "radiusBottomRight" : 0,
            "radiusIsRelative" : false,
            "radiusPerCorner" : false,
            "radiusTopLeft" : 0,
            "radiusTopRight" : 0,
            "right" : 0,
            "rotation" : 0,
            "top" : null,
            "visible" : true,
            "width" : 335,
            "widthType" : 0
          },
          {
            "__class" : "TextNode",
            "autoSize" : true,
            "bottom" : null,
            "centerAnchorX" : 0.061194029850746269,
            "centerAnchorY" : 0.083333333333333329,
            "codeOverrideEnabled" : false,
            "constraintsLocked" : false,
            "exportOptions" : [

            ],
            "height" : 16,
            "heightType" : 0,
            "id" : "ozddxu6I6",
            "isTarget" : true,
            "left" : 0,
            "locked" : false,
            "name" : "$label",
            "opacity" : 1,
            "originalid" : null,
            "parentid" : "QHJtogUk_",
            "replicaInfo" : null,
            "right" : null,
            "rotation" : 0,
            "styledText" : {
              "__class" : "StyledTextDraft",
              "blocks" : [
                {
                  "data" : {
                    "emptyStyle" : [
                      "LETTERSPACING:0",
                      "LINEHEIGHT:1.2",
                      "SIZE:14",
                      "FONT:HelveticaNeue-Bold",
                      "COLOR:rgba(35, 105, 225, 1.00)"
                    ]
                  },
                  "depth" : 0,
                  "entityRanges" : [

                  ],
                  "inlineStyleRanges" : [
                    {
                      "length" : 4,
                      "offset" : 0,
                      "style" : "LETTERSPACING:0"
                    },
                    {
                      "length" : 4,
                      "offset" : 0,
                      "style" : "LINEHEIGHT:1.2"
                    },
                    {
                      "length" : 4,
                      "offset" : 0,
                      "style" : "SIZE:14"
                    },
                    {
                      "length" : 4,
                      "offset" : 0,
                      "style" : "FONT:HelveticaNeue-Bold"
                    },
                    {
                      "length" : 4,
                      "offset" : 0,
                      "style" : "COLOR:rgba(35, 105, 225, 1.00)"
                    }
                  ],
                  "key" : "2347j",
                  "text" : "Name",
                  "type" : "unstyled"
                }
              ],
              "cached" : {
                "html" : "<div data-offset-key=\"2347j-0-0\" class=\"public-DraftStyleDefault-block public-DraftStyleDefault-ltr\"><span data-offset-key=\"2347j-0-0\" style=\"tab-size:4;font-weight:700;font-family:&quot;HelveticaNeue-Bold&quot;, &quot;Helvetica Neue&quot;, sans-serif;-webkit-text-fill-color:rgba(35, 105, 225, 1.00);font-size:14px;letter-spacing:0px;line-height:1.2\"><span data-text=\"true\">Name<\/span><\/span><\/div>",
                "os" : "10_14",
                "size" : {
                  "height" : 16,
                  "width" : 41
                },
                "width" : 0
              },
              "entityMap" : {

              }
            },
            "top" : 0,
            "visible" : true,
            "width" : 41,
            "widthType" : 0
          },
          {
            "__class" : "TextNode",
            "autoSize" : true,
            "bottom" : 0,
            "centerAnchorX" : 0.097014925373134331,
            "centerAnchorY" : 0.91666666666666663,
            "codeOverrideEnabled" : false,
            "constraintsLocked" : false,
            "exportOptions" : [

            ],
            "height" : 14,
            "heightType" : 0,
            "id" : "bmCe3T91J",
            "isTarget" : true,
            "left" : 0,
            "locked" : false,
            "name" : "$errorText",
            "opacity" : 1,
            "originalid" : null,
            "parentid" : "QHJtogUk_",
            "replicaInfo" : null,
            "right" : null,
            "rotation" : 0,
            "styledText" : {
              "__class" : "StyledTextDraft",
              "blocks" : [
                {
                  "data" : {
                    "emptyStyle" : [
                      "LETTERSPACING:0",
                      "LINEHEIGHT:1.2",
                      "FONT:HelveticaNeue-Bold",
                      "COLOR:rgba(35, 105, 225, 1.00)",
                      "SIZE:12"
                    ]
                  },
                  "depth" : 0,
                  "entityRanges" : [

                  ],
                  "inlineStyleRanges" : [
                    {
                      "length" : 10,
                      "offset" : 0,
                      "style" : "LETTERSPACING:0"
                    },
                    {
                      "length" : 10,
                      "offset" : 0,
                      "style" : "LINEHEIGHT:1.2"
                    },
                    {
                      "length" : 10,
                      "offset" : 0,
                      "style" : "FONT:HelveticaNeue-Bold"
                    },
                    {
                      "length" : 10,
                      "offset" : 0,
                      "style" : "COLOR:rgba(35, 105, 225, 1.00)"
                    },
                    {
                      "length" : 10,
                      "offset" : 0,
                      "style" : "SIZE:12"
                    }
                  ],
                  "key" : "2347j",
                  "text" : "Error text",
                  "type" : "unstyled"
                }
              ],
              "cached" : {
                "html" : "<div data-offset-key=\"2347j-0-0\" class=\"public-DraftStyleDefault-block public-DraftStyleDefault-ltr\"><span data-offset-key=\"2347j-0-0\" style=\"tab-size:4;font-weight:700;font-family:&quot;HelveticaNeue-Bold&quot;, &quot;Helvetica Neue&quot;, sans-serif;-webkit-text-fill-color:rgba(35, 105, 225, 1.00);font-size:12px;letter-spacing:0px;line-height:1.2\"><span data-text=\"true\">Error text<\/span><\/span><\/div>",
                "os" : "10_14",
                "size" : {
                  "height" : 14,
                  "width" : 56
                },
                "width" : 0
              },
              "entityMap" : {

              }
            },
            "top" : null,
            "visible" : true,
            "width" : 56,
            "widthType" : 0
          }
        ],
        "clip" : true,
        "codeOverrideEnabled" : false,
        "constraintsLocked" : false,
        "deviceType" : null,
        "exportOptions" : [

        ],
        "fillColor" : "rgba(255,255,255,1)",
        "fillEnabled" : false,
        "fillGradient" : {
          "__class" : "LinearGradient",
          "alpha" : 1,
          "angle" : 0,
          "end" : "rgba(0,0,0,0)",
          "start" : "black"
        },
        "fillImage" : null,
        "fillImagePixelHeight" : null,
        "fillImagePixelWidth" : null,
        "fillImageResize" : "fill",
        "fillType" : "color",
        "height" : 96,
        "heightType" : 0,
        "id" : "QHJtogUk_",
        "intrinsicHeight" : null,
        "intrinsicWidth" : null,
        "isExternalMaster" : null,
        "isMaster" : true,
        "isTarget" : false,
        "left" : 108,
        "locked" : false,
        "name" : "NameField",
        "navigationTarget" : null,
        "navigationTransition" : "push",
        "navigationTransitionBackdropColor" : "rgba(4,4,15,.4)",
        "navigationTransitionDirection" : "left",
        "opacity" : 1,
        "originalid" : null,
        "parentid" : "Yamm9GO1z",
        "previewSettings" : null,
        "radius" : 0,
        "radiusBottomLeft" : 0,
        "radiusBottomRight" : 0,
        "radiusIsRelative" : false,
        "radiusPerCorner" : false,
        "radiusTopLeft" : 0,
        "radiusTopRight" : 0,
        "replicaInfo" : null,
        "right" : null,
        "rotation" : 0,
        "top" : 12,
        "visible" : true,
        "width" : 335,
        "widthType" : 0
      },
      {
        "__class" : "FrameNode",
        "aspectRatio" : null,
        "blendingEnabled" : 0,
        "blendingMode" : "normal",
        "bottom" : null,
        "centerAnchorX" : 0.5,
        "centerAnchorY" : 0.14778325123152711,
        "children" : [

        ],
        "clip" : false,
        "codeOverrideEnabled" : false,
        "constraintsLocked" : false,
        "deviceType" : null,
        "exportOptions" : [

        ],
        "fillColor" : "rgba(255,255,255,1)",
        "fillEnabled" : false,
        "fillGradient" : {
          "__class" : "LinearGradient",
          "alpha" : 1,
          "angle" : 0,
          "end" : "rgba(0,0,0,0)",
          "start" : "black"
        },
        "fillImage" : null,
        "fillImagePixelHeight" : null,
        "fillImagePixelWidth" : null,
        "fillImageResize" : "fill",
        "fillType" : "color",
        "height" : 104,
        "heightType" : 0,
        "id" : "jeRdKzsjB",
        "intrinsicHeight" : null,
        "intrinsicWidth" : null,
        "isExternalMaster" : "hidden master",
        "isMaster" : true,
        "isTarget" : false,
        "left" : 108,
        "locked" : false,
        "name" : "TextField",
        "navigationTarget" : null,
        "navigationTransition" : "push",
        "navigationTransitionBackdropColor" : "rgba(4,4,15,.4)",
        "navigationTransitionDirection" : "left",
        "opacity" : 1,
        "originalid" : null,
        "parentid" : "Yamm9GO1z",
        "previewSettings" : null,
        "radius" : 0,
        "radiusBottomLeft" : 0,
        "radiusBottomRight" : 0,
        "radiusIsRelative" : false,
        "radiusPerCorner" : false,
        "radiusTopLeft" : 0,
        "radiusTopRight" : 0,
        "replicaInfo" : null,
        "right" : null,
        "rotation" : 0,
        "top" : 12,
        "visible" : true,
        "width" : 335,
        "widthType" : 0
      },
      {
        "__class" : "FrameNode",
        "aspectRatio" : null,
        "blendingEnabled" : 0,
        "blendingMode" : "normal",
        "bottom" : null,
        "centerAnchorX" : 0.5,
        "centerAnchorY" : 0.14778325123152711,
        "children" : [
          {
            "__class" : "TextNode",
            "autoSize" : true,
            "bottom" : null,
            "centerAnchorX" : 0.061194029850746269,
            "centerAnchorY" : 0.076923076923076927,
            "codeOverrideEnabled" : false,
            "constraintsLocked" : false,
            "exportOptions" : [

            ],
            "height" : 16,
            "heightType" : 0,
            "id" : "Y_nQrmw0Nozddxu6I6",
            "isTarget" : true,
            "left" : 0,
            "locked" : false,
            "name" : "$label",
            "opacity" : 1,
            "originalid" : null,
            "parentid" : "Y_nQrmw0N",
            "replicaInfo" : null,
            "right" : null,
            "rotation" : 0,
            "styledText" : {
              "__class" : "StyledTextDraft",
              "blocks" : [
                {
                  "data" : {
                    "emptyStyle" : [
                      "LETTERSPACING:0",
                      "LINEHEIGHT:1.2",
                      "SIZE:14",
                      "FONT:HelveticaNeue-Bold",
                      "COLOR:rgba(35, 105, 225, 1.00)"
                    ]
                  },
                  "depth" : 0,
                  "entityRanges" : [

                  ],
                  "inlineStyleRanges" : [
                    {
                      "length" : 4,
                      "offset" : 0,
                      "style" : "LETTERSPACING:0"
                    },
                    {
                      "length" : 4,
                      "offset" : 0,
                      "style" : "LINEHEIGHT:1.2"
                    },
                    {
                      "length" : 4,
                      "offset" : 0,
                      "style" : "SIZE:14"
                    },
                    {
                      "length" : 4,
                      "offset" : 0,
                      "style" : "FONT:HelveticaNeue-Bold"
                    },
                    {
                      "length" : 4,
                      "offset" : 0,
                      "style" : "COLOR:rgba(35, 105, 225, 1.00)"
                    }
                  ],
                  "key" : "2347j",
                  "text" : "Name",
                  "type" : "unstyled"
                }
              ],
              "cached" : {
                "html" : "<div data-offset-key=\"2347j-0-0\" class=\"public-DraftStyleDefault-block public-DraftStyleDefault-ltr\"><span data-offset-key=\"2347j-0-0\" style=\"tab-size:4;font-weight:700;font-family:&quot;HelveticaNeue-Bold&quot;, &quot;Helvetica Neue&quot;, sans-serif;-webkit-text-fill-color:rgba(35, 105, 225, 1.00);font-size:14px;letter-spacing:0px;line-height:1.2\"><span data-text=\"true\">Name<\/span><\/span><\/div>",
                "os" : "10_14",
                "size" : {
                  "height" : 16,
                  "width" : 41
                },
                "width" : 0
              },
              "entityMap" : {

              }
            },
            "top" : 0,
            "visible" : true,
            "width" : 41,
            "widthType" : 0
          },
          {
            "__class" : "TextNode",
            "autoSize" : true,
            "bottom" : 10,
            "centerAnchorX" : 0.097014925373134331,
            "centerAnchorY" : 0.82692307692307687,
            "codeOverrideEnabled" : false,
            "constraintsLocked" : false,
            "exportOptions" : [

            ],
            "height" : 14,
            "heightType" : 0,
            "id" : "Y_nQrmw0NbmCe3T91J",
            "isTarget" : true,
            "left" : 0,
            "locked" : false,
            "name" : "$errorText",
            "opacity" : 1,
            "originalid" : null,
            "parentid" : "Y_nQrmw0N",
            "replicaInfo" : null,
            "right" : null,
            "rotation" : 0,
            "styledText" : {
              "__class" : "StyledTextDraft",
              "blocks" : [
                {
                  "data" : {
                    "emptyStyle" : [
                      "LETTERSPACING:0",
                      "LINEHEIGHT:1.2",
                      "FONT:HelveticaNeue-Bold",
                      "COLOR:rgba(35, 105, 225, 1.00)",
                      "SIZE:12"
                    ]
                  },
                  "depth" : 0,
                  "entityRanges" : [

                  ],
                  "inlineStyleRanges" : [
                    {
                      "length" : 10,
                      "offset" : 0,
                      "style" : "LETTERSPACING:0"
                    },
                    {
                      "length" : 10,
                      "offset" : 0,
                      "style" : "LINEHEIGHT:1.2"
                    },
                    {
                      "length" : 10,
                      "offset" : 0,
                      "style" : "FONT:HelveticaNeue-Bold"
                    },
                    {
                      "length" : 10,
                      "offset" : 0,
                      "style" : "COLOR:rgba(35, 105, 225, 1.00)"
                    },
                    {
                      "length" : 10,
                      "offset" : 0,
                      "style" : "SIZE:12"
                    }
                  ],
                  "key" : "2347j",
                  "text" : "Error text",
                  "type" : "unstyled"
                }
              ],
              "cached" : {
                "html" : "<div data-offset-key=\"2347j-0-0\" class=\"public-DraftStyleDefault-block public-DraftStyleDefault-ltr\"><span data-offset-key=\"2347j-0-0\" style=\"tab-size:4;font-weight:700;font-family:&quot;HelveticaNeue-Bold&quot;, &quot;Helvetica Neue&quot;, sans-serif;-webkit-text-fill-color:rgba(35, 105, 225, 1.00);font-size:12px;letter-spacing:0px;line-height:1.2\"><span data-text=\"true\">Error text<\/span><\/span><\/div>",
                "os" : "10_14",
                "size" : {
                  "height" : 14,
                  "width" : 56
                },
                "width" : 0
              },
              "entityMap" : {

              }
            },
            "top" : null,
            "visible" : true,
            "width" : 56,
            "widthType" : 0
          },
          {
            "__class" : "CodeComponentNode",
            "aspectRatio" : null,
            "bottom" : null,
            "centerAnchorX" : 0.5,
            "centerAnchorY" : 0.46153846153846156,
            "children" : [

            ],
            "clip" : true,
            "codeComponentIdentifier" : "@framer\/steveruizok.classy-inputs\/.\/Select.tsx_Select",
            "codeComponentProps" : {
              "cssClassName" : "edu-select",
              "disabled" : false,
              "nullable" : true,
              "options" : "Paris,London,Hong Kong, New York",
              "useCSS" : true
            },
            "codeOverrideEnabled" : false,
            "constraintsLocked" : false,
            "exportOptions" : [

            ],
            "fillColor" : "rgba(255,255,255,1)",
            "fillEnabled" : false,
            "fillGradient" : {
              "__class" : "LinearGradient",
              "alpha" : 1,
              "angle" : 0,
              "end" : "rgba(0,0,0,0)",
              "start" : "black"
            },
            "fillImage" : null,
            "fillImagePixelHeight" : null,
            "fillImagePixelWidth" : null,
            "fillImageResize" : "fill",
            "fillType" : "color",
            "height" : 44,
            "heightType" : 0,
            "id" : "K3P5SnLrI",
            "intrinsicHeight" : 44,
            "intrinsicWidth" : null,
            "left" : 0,
            "locked" : false,
            "name" : null,
            "opacity" : 1,
            "originalid" : null,
            "parentid" : "Y_nQrmw0N",
            "radius" : 0,
            "radiusBottomLeft" : 0,
            "radiusBottomRight" : 0,
            "radiusIsRelative" : false,
            "radiusPerCorner" : false,
            "radiusTopLeft" : 0,
            "radiusTopRight" : 0,
            "right" : 0,
            "rotation" : 0,
            "top" : 26,
            "visible" : true,
            "width" : 335,
            "widthType" : 0
          }
        ],
        "clip" : false,
        "codeOverrideEnabled" : false,
        "constraintsLocked" : false,
        "deviceType" : null,
        "exportOptions" : [

        ],
        "fillColor" : "rgba(255,255,255,1)",
        "fillEnabled" : false,
        "fillGradient" : {
          "__class" : "LinearGradient",
          "alpha" : 1,
          "angle" : 0,
          "end" : "rgba(0,0,0,0)",
          "start" : "black"
        },
        "fillImage" : null,
        "fillImagePixelHeight" : null,
        "fillImagePixelWidth" : null,
        "fillImageResize" : "fill",
        "fillType" : "color",
        "height" : 104,
        "heightType" : 0,
        "id" : "Y_nQrmw0N",
        "intrinsicHeight" : null,
        "intrinsicWidth" : null,
        "isExternalMaster" : null,
        "isMaster" : true,
        "isTarget" : false,
        "left" : 108,
        "locked" : false,
        "name" : "SelectField",
        "navigationTarget" : null,
        "navigationTransition" : "push",
        "navigationTransitionBackdropColor" : "rgba(4,4,15,.4)",
        "navigationTransitionDirection" : "left",
        "opacity" : 1,
        "originalid" : null,
        "parentid" : "Yamm9GO1z",
        "previewSettings" : null,
        "radius" : 0,
        "radiusBottomLeft" : 0,
        "radiusBottomRight" : 0,
        "radiusIsRelative" : false,
        "radiusPerCorner" : false,
        "radiusTopLeft" : 0,
        "radiusTopRight" : 0,
        "replicaInfo" : null,
        "right" : null,
        "rotation" : 0,
        "top" : 183,
        "visible" : true,
        "width" : 335,
        "widthType" : 0
      },
      {
        "__class" : "FrameNode",
        "aspectRatio" : null,
        "blendingEnabled" : 0,
        "blendingMode" : "normal",
        "bottom" : null,
        "centerAnchorX" : 0.39544235924932974,
        "centerAnchorY" : 0.5,
        "children" : [
          {
            "__class" : "TextNode",
            "autoSize" : true,
            "bottom" : 11,
            "centerAnchorX" : 0.5,
            "centerAnchorY" : 0.77647058823529413,
            "codeOverrideEnabled" : false,
            "constraintsLocked" : false,
            "exportOptions" : [

            ],
            "height" : 16,
            "heightType" : 0,
            "id" : "BQAdhMXj7",
            "isTarget" : false,
            "left" : null,
            "locked" : false,
            "name" : null,
            "opacity" : 1,
            "originalid" : null,
            "parentid" : "gqUG_h1oN",
            "replicaInfo" : null,
            "right" : null,
            "rotation" : 0,
            "styledText" : {
              "__class" : "StyledTextDraft",
              "blocks" : [
                {
                  "data" : {
                    "emptyStyle" : [
                      "LETTERSPACING:0",
                      "LINEHEIGHT:1.2",
                      "COLOR:rgba(35, 105, 225, 1.00)",
                      "FONT:HelveticaNeue-Bold",
                      "ALIGN:center",
                      "SIZE:14"
                    ]
                  },
                  "depth" : 0,
                  "entityRanges" : [

                  ],
                  "inlineStyleRanges" : [
                    {
                      "length" : 5,
                      "offset" : 0,
                      "style" : "LETTERSPACING:0"
                    },
                    {
                      "length" : 5,
                      "offset" : 0,
                      "style" : "LINEHEIGHT:1.2"
                    },
                    {
                      "length" : 5,
                      "offset" : 0,
                      "style" : "COLOR:rgba(35, 105, 225, 1.00)"
                    },
                    {
                      "length" : 5,
                      "offset" : 0,
                      "style" : "FONT:HelveticaNeue-Bold"
                    },
                    {
                      "length" : 5,
                      "offset" : 0,
                      "style" : "ALIGN:center"
                    },
                    {
                      "length" : 5,
                      "offset" : 0,
                      "style" : "SIZE:14"
                    }
                  ],
                  "key" : "1kpr9",
                  "text" : "FETCH",
                  "type" : "unstyled"
                }
              ],
              "cached" : {
                "html" : "<div class='DraftEditor-alignCenter'><div data-offset-key=\"1kpr9-0-0\" class=\"public-DraftStyleDefault-block public-DraftStyleDefault-ltr\"><span data-offset-key=\"1kpr9-0-0\" style=\"tab-size:4;font-weight:700;font-family:&quot;HelveticaNeue-Bold&quot;, &quot;Helvetica Neue&quot;, sans-serif;-webkit-text-fill-color:rgba(35, 105, 225, 1.00);font-size:14px;letter-spacing:0px;line-height:1.2\"><span data-text=\"true\">FETCH<\/span><\/span><\/div><\/div>",
                "os" : "10_14",
                "size" : {
                  "height" : 16,
                  "width" : 48
                },
                "width" : 0
              },
              "entityMap" : {

              }
            },
            "top" : null,
            "visible" : true,
            "width" : 48,
            "widthType" : 0
          },
          {
            "__class" : "ShapeContainerNode",
            "autoSize" : true,
            "bottom" : null,
            "centerAnchorX" : 0.5,
            "centerAnchorY" : 0.35294117647058826,
            "children" : [
              {
                "__class" : "ShapeGroupNode",
                "aspectRatio" : null,
                "children" : [
                  {
                    "__class" : "ShapeGroupNode",
                    "aspectRatio" : null,
                    "children" : [

                    ],
                    "exportOptions" : [

                    ],
                    "height" : 0,
                    "id" : "LIOFiD6t5",
                    "locked" : false,
                    "name" : null,
                    "opacity" : 1,
                    "originalid" : null,
                    "parentid" : "Pye5rqW2F",
                    "replicaInfo" : null,
                    "rotation" : 90,
                    "visible" : true,
                    "width" : 0,
                    "x" : 18.468318907449682,
                    "y" : 0
                  }
                ],
                "exportOptions" : [

                ],
                "height" : 0,
                "id" : "Pye5rqW2F",
                "locked" : false,
                "name" : null,
                "opacity" : 1,
                "originalid" : null,
                "parentid" : "cz7iJI2yJ",
                "replicaInfo" : null,
                "rotation" : 90,
                "visible" : true,
                "width" : 0,
                "x" : 54.000000000000014,
                "y" : 18.481029820699348
              },
              {
                "__class" : "PathNode",
                "aspectRatio" : null,
                "exportOptions" : [

                ],
                "fillColor" : "rgba(0,170,255,0.5)",
                "fillEnabled" : false,
                "fillGradient" : {
                  "__class" : "LinearGradient",
                  "alpha" : 1,
                  "angle" : 0,
                  "end" : "rgba(0,0,0,0)",
                  "start" : "black"
                },
                "fillImage" : null,
                "fillImagePixelHeight" : null,
                "fillImagePixelWidth" : null,
                "fillImageResize" : "fill",
                "fillType" : "color",
                "height" : 6.4999999999999964,
                "id" : "XTX8cuj5R",
                "lineCap" : "butt",
                "lineJoin" : "miter",
                "locked" : false,
                "name" : null,
                "opacity" : 1,
                "originalid" : null,
                "parentid" : "cz7iJI2yJ",
                "pathClosed" : false,
                "pathSegments" : [
                  {
                    "__class" : "PathSegment",
                    "handleInX" : 12.253506940498466,
                    "handleInY" : 0,
                    "handleMirroring" : "disconnected",
                    "handleOutX" : 0,
                    "handleOutY" : 0,
                    "radius" : 0,
                    "x" : 16.5,
                    "y" : 0
                  },
                  {
                    "__class" : "PathSegment",
                    "handleInX" : 0,
                    "handleInY" : 0,
                    "handleMirroring" : "straight",
                    "handleOutX" : 0,
                    "handleOutY" : 0,
                    "radius" : 0,
                    "x" : 0,
                    "y" : 6.4999999999999964
                  }
                ],
                "rotation" : 0,
                "strokeAlignment" : "center",
                "strokeColor" : "rgba(35, 105, 225, 1.00)",
                "strokeDashArray" : "0",
                "strokeDashOffset" : 0,
                "strokeEnabled" : 1,
                "strokeMiterLimit" : 4,
                "strokeWidth" : 3,
                "visible" : true,
                "width" : 16.5,
                "x" : 20.500000000000011,
                "y" : 34.000000000000021
              },
              {
                "__class" : "PathNode",
                "aspectRatio" : null,
                "exportOptions" : [

                ],
                "fillColor" : "rgba(0,170,255,0.5)",
                "fillEnabled" : false,
                "fillGradient" : {
                  "__class" : "LinearGradient",
                  "alpha" : 1,
                  "angle" : 0,
                  "end" : "rgba(0,0,0,0)",
                  "start" : "black"
                },
                "fillImage" : null,
                "fillImagePixelHeight" : null,
                "fillImagePixelWidth" : null,
                "fillImageResize" : "fill",
                "fillType" : "color",
                "height" : 6,
                "id" : "SYJ2dqkd5",
                "lineCap" : "butt",
                "lineJoin" : "miter",
                "locked" : false,
                "name" : null,
                "opacity" : 1,
                "originalid" : null,
                "parentid" : "cz7iJI2yJ",
                "pathClosed" : false,
                "pathSegments" : [
                  {
                    "__class" : "PathSegment",
                    "handleInX" : 0,
                    "handleInY" : 0,
                    "handleMirroring" : "straight",
                    "handleOutX" : 0,
                    "handleOutY" : 0,
                    "radius" : 0,
                    "x" : 0,
                    "y" : 0
                  },
                  {
                    "__class" : "PathSegment",
                    "handleInX" : 0,
                    "handleInY" : 0,
                    "handleMirroring" : "straight",
                    "handleOutX" : 0,
                    "handleOutY" : 0,
                    "radius" : 0,
                    "x" : 6,
                    "y" : 6
                  },
                  {
                    "__class" : "PathSegment",
                    "handleInX" : 0,
                    "handleInY" : 0,
                    "handleMirroring" : "straight",
                    "handleOutX" : 0,
                    "handleOutY" : 0,
                    "radius" : 0,
                    "x" : 12,
                    "y" : 0
                  }
                ],
                "rotation" : 0,
                "strokeAlignment" : "center",
                "strokeColor" : "rgba(35, 105, 225, 1.00)",
                "strokeDashArray" : "0",
                "strokeDashOffset" : 0,
                "strokeEnabled" : 1,
                "strokeMiterLimit" : 4,
                "strokeWidth" : 3,
                "visible" : true,
                "width" : 12,
                "x" : 14.5,
                "y" : 36.5
              },
              {
                "__class" : "RectangleShapeNode",
                "aspectRatio" : 1,
                "exportOptions" : [

                ],
                "fillColor" : "rgba(35, 105, 225, 1.00)",
                "fillEnabled" : true,
                "fillGradient" : {
                  "__class" : "LinearGradient",
                  "alpha" : 1,
                  "angle" : 0,
                  "end" : "rgba(0,0,0,0)",
                  "start" : "black"
                },
                "fillImage" : null,
                "fillImagePixelHeight" : null,
                "fillImagePixelWidth" : null,
                "fillImageResize" : "fill",
                "fillType" : "color",
                "height" : 17,
                "id" : "LvwM92FeO",
                "lineCap" : "butt",
                "lineJoin" : "miter",
                "locked" : false,
                "name" : null,
                "opacity" : 1,
                "originalid" : null,
                "parentid" : "cz7iJI2yJ",
                "radius" : 2,
                "radiusBottomLeft" : 2,
                "radiusBottomRight" : 2,
                "radiusPerCorner" : false,
                "radiusTopLeft" : 2,
                "radiusTopRight" : 2,
                "rotation" : 0,
                "strokeAlignment" : "center",
                "strokeColor" : "rgba(35, 105, 225, 1.00)",
                "strokeDashArray" : "0",
                "strokeDashOffset" : 0,
                "strokeEnabled" : -1,
                "strokeMiterLimit" : 4,
                "strokeWidth" : 2,
                "visible" : true,
                "width" : 17,
                "x" : 28,
                "y" : 19
              }
            ],
            "constraintsLocked" : true,
            "exportIncludesBackground" : false,
            "exportOptions" : [

            ],
            "fillColor" : "#FFF",
            "fillEnabled" : false,
            "fillGradient" : {
              "__class" : "LinearGradient",
              "alpha" : 1,
              "angle" : 0,
              "end" : "rgba(0,0,0,0)",
              "start" : "black"
            },
            "fillImage" : null,
            "fillImagePixelHeight" : null,
            "fillImagePixelWidth" : null,
            "fillImageResize" : "fill",
            "fillType" : "color",
            "height" : 66,
            "heightType" : 0,
            "id" : "cz7iJI2yJ",
            "left" : null,
            "locked" : false,
            "name" : null,
            "navigationTarget" : null,
            "navigationTransition" : "push",
            "navigationTransitionBackdropColor" : "rgba(4,4,15,.4)",
            "navigationTransitionDirection" : "left",
            "originalid" : null,
            "parentid" : "gqUG_h1oN",
            "radius" : 0,
            "radiusBottomLeft" : 0,
            "radiusBottomRight" : 0,
            "radiusPerCorner" : false,
            "radiusTopLeft" : 0,
            "radiusTopRight" : 0,
            "replicaInfo" : null,
            "right" : null,
            "sizeToFit" : false,
            "top" : -3,
            "visible" : true,
            "width" : 66,
            "widthType" : 0
          }
        ],
        "clip" : false,
        "codeOverrideEnabled" : true,
        "codeOverrideFile" : ".\/Demo.tsx",
        "codeOverrideIdentifier" : ".\/Demo.tsx_moveBackward",
        "codeOverrideName" : "moveBackward",
        "constraintsLocked" : false,
        "deviceType" : null,
        "exportOptions" : [

        ],
        "fillColor" : "rgba(255,255,255,1)",
        "fillEnabled" : false,
        "fillGradient" : {
          "__class" : "LinearGradient",
          "alpha" : 1,
          "angle" : 0,
          "end" : "rgba(0,0,0,0)",
          "start" : "black"
        },
        "fillImage" : null,
        "fillImagePixelHeight" : null,
        "fillImagePixelWidth" : null,
        "fillImageResize" : "fill",
        "fillType" : "color",
        "height" : 85,
        "heightType" : 0,
        "id" : "gqUG_h1oN",
        "intrinsicHeight" : null,
        "intrinsicWidth" : null,
        "isExternalMaster" : null,
        "isMaster" : false,
        "isTarget" : false,
        "left" : 538,
        "locked" : false,
        "name" : "backward",
        "navigationTarget" : null,
        "navigationTransition" : "push",
        "navigationTransitionBackdropColor" : "rgba(4,4,15,.4)",
        "navigationTransitionDirection" : "left",
        "opacity" : 1,
        "originalid" : null,
        "parentid" : "Yamm9GO1z",
        "previewSettings" : null,
        "radius" : 0,
        "radiusBottomLeft" : 0,
        "radiusBottomRight" : 0,
        "radiusIsRelative" : false,
        "radiusPerCorner" : false,
        "radiusTopLeft" : 0,
        "radiusTopRight" : 0,
        "replicaInfo" : null,
        "right" : null,
        "rotation" : 0,
        "top" : 554,
        "visible" : true,
        "width" : 85,
        "widthType" : 0
      }
    ],
    "id" : "Yamm9GO1z",
    "name" : null,
    "originalid" : null,
    "parentid" : null,
    "visible" : false
  },
  "version" : 48
}